Id,elevation,aspect,plain_curvature,prof_curvature,relief,roughness,slope,fault_dist,river_dist,road_dist,rainfall,spi,twi,steep_rati,dist_tlog,ndvi,landuse,lil
SU0100000,620.2955073375131,271.0771078772033,0.027197132679212938,-0.10937323477647483,23.481485005932594,1.2665071596874604,20.91082692796204,1395.086591404366,202.1052357325195,155.13228249957064,1631.9083299815968,2.9762291368932923,7.82442706238498,0.5964104230306838,5.8407117650203375,0.6236920597115834,4,6
SU0100001,667.8387151206015,228.45742892412386,-0.040639219523671215,-0.11147870005566954,26.09813383973596,1.1569814022502047,22.724638364873346,941.3352479790098,154.075558531671,153.77729454622013,1361.0890510974752,2.3739041842872477,6.13180656935922,0.6580597072402273,5.44729934391499,0.4191629401233714,3,1
SU0100002,592.6507500782709,174.5758290902714,-0.06599815567945631,-0.35467425892140836,22.082367615394826,1.118515611176757,15.747402632131507,572.4530538538537,139.21331224646516,55.82325773459002,1300.429204848933,2.181485676653141,5.752682530305831,0.5589615460934347,4.949930730064044,0.6396672521122534,2,7
SU0100003,430.36731998863644,203.4384590476947,-0.20860281449628842,0.17264465788310773,15.396644560153822,0.9248376355655717,18.225028964276543,747.2165280072982,78.6957177812563,502.3779581988089,1476.9555743912517,1.3561601469462221,6.855972339945324,0.339701211684234,5.216355006594105,0.5732032317186828,3,5
SU0100004,968.6403625387034,278.56860653831126,-0.045984843193058664,-0.0711864221844431,50.92285888504433,1.1487643377012091,35.094018173431074,1494.9739491476137,150.8160115353801,181.88778073964835,1447.912798156875,2.331978827560815,6.674454988480468,0.910989723865294,5.909864060353642,0.5907918598781229,3,6
SU0100005,531.0596558348432,154.30913057477434,0.22007718760635633,-0.013705187013340427,19.2576877818508,1.637934914889601,19.03501127668823,474.78093728727356,437.16414850063086,231.1102926907858,1867.934254885971,5.660943788247373,9.29958909303732,0.47371821155307337,4.762853512997917,0.5572594051001739,1,5
SU0100006,871.357310960451,203.22576247619074,0.14444408598741718,-0.08695332618212692,41.02277325271471,1.4808142636862482,31.04800665653764,745.7509174457193,323.04006117898194,170.32263208701283,1363.398524386014,4.399453315046919,6.146240777412588,0.8563523383174718,5.214391653626376,0.586776476401199,3,5
SU0100007,727.9395836437567,182.61667263003008,-0.19295900026255455,-0.16323100395471923,29.827216944879645,0.9443308788281475,24.19935596467855,616.5589270203957,83.7774601163407,123.94907761390627,1271.6581756502014,1.4287548525165397,5.572863597813759,0.7288020659544974,5.024153901200278,0.4085902309648496,2,1
SU0100008,569.7073647004758,253.12785491102164,-0.0020123680387213153,-0.27124977088054225,20.9847113951386,1.21812993504287,16.245568001453908,1182.0746516367583,179.81895296306416,79.02724143598978,1469.4783263464722,2.7001089027199434,6.809239539665452,0.527344030809,5.6750263530248155,0.5369760802693915,3,4
SU0100009,927.2797750405791,85.28603566022883,-0.058601640389879354,0.2047023216653477,46.45106998019211,1.1296010072911118,38.083696612667204,251.06635136061843,143.39362031534597,574.1704711377931,1571.9965346154477,2.2359388314959654,7.449978341346548,0.8905136698018649,4.125717252248267,0.595065045881314,4,6
SU0100010,570.6251986642981,201.4463300127222,0.11664142954178039,-0.09713835826713196,21.027556142555728,1.4269251808710501,19.183118421381614,733.6016155739225,289.04018247902667,163.2457673736939,1640.489372625312,4.010054230888072,7.8780585789082,0.5286148077061951,5.197966123194359,0.4401597586491569,4,2
SU0100011,609.1062351096768,191.61816261361128,-0.09244396322881619,-0.0027222330390776085,22.90481588562948,1.0797627945765662,22.253205259169476,669.9778003109348,125.23902947222722,241.93216146585837,1400.3935755735115,1.9974142236899413,6.377459847334447,0.5813622265865088,5.107244577971796,0.4642638938510605,3,2
SU0100012,486.34934650954403,108.240738700842,0.04841961961398721,-0.13801025929828362,17.436297617247316,1.302856931517736,15.224525820399764,310.32086754585947,220.0112053481428,137.6834559518809,1613.9163236785682,3.194398259946106,7.711977022991052,0.4125061309784195,4.337606818777003,0.45548167456569444,4,2
SU0100013,448.06691519541886,139.40077846601338,0.19877200933122582,0.03963479347399102,16.01429937039035,1.5920609084627415,16.696515482166138,413.7400818609454,401.4520251975989,288.6298215594681,1466.122591592897,5.272862397002614,6.788266197455606,0.36209219253588487,4.625237955070893,0.5898975552855779,3,5
SU0100014,170.70537748065613,177.19631667334102,0.2996271266707144,0.01588158076832071,8.64622717510141,1.821213132870732,5.514346581497529,586.469020786707,600.9480591053402,261.4317494837118,1510.8661070670937,7.379877864150861,7.067913169169335,0.10839972601619843,4.974119846215456,0.5938502703713757,4,6
SU0100015,711.2089437965822,50.16466496215912,-0.252348972268654,0.025234954930337585,28.738626740045184,0.8724365964614039,26.689819285372714,181.54798233817388,66.06268809968894,271.8215121431804,1385.6197500963985,1.1721465888035978,6.28512343810249,0.710045542194156,3.8015199842660845,0.6549620209775932,3,7
SU0100016,493.2686098206597,54.25550217864733,-0.19020208752659953,-0.32996112235566905,17.70647238214426,0.9478085170447489,12.294427231542283,188.534602668038,84.70644153048518,61.877832039990956,1462.539914034734,1.441945208956344,6.765874462717087,0.4218522340766599,3.8392815585721296,0.5349292698188494,3,4
SU0100017,473.5967122392584,250.12713753693302,0.17977797547750404,-0.020446610802733346,16.949103068052263,1.5522476344356277,16.687984184814493,1149.7817530816933,372.0811225648858,224.70890034792578,1158.449013203703,4.949368131637337,4.865306332523144,0.39544935759059996,5.647327423417844,0.5993825264393807,1,6
SU0100018,649.9648411315436,200.11045206020142,0.14722196239621735,-0.1397793715753248,25.08184032853567,1.4863091254476422,21.557865406637948,724.6109876519163,326.6495388679033,136.67228114968503,1821.4008617896222,4.440379628280603,9.00875538618514,0.6353783085080618,5.185634942094167,0.4732457797486506,1,3
SU0100019,684.8601268961538,70.32239986313215,-0.13953970309050762,0.18196423760704034,27.10421283257518,1.014044776568877,28.277297783856653,218.67604396701657,103.73516777001119,522.2698056236411,1458.256028319864,1.7072222872993936,6.73910017699915,0.6790093553326203,3.9875913833519894,0.6171938084106239,3,6
SU0100020,592.6519699694643,173.17771985998877,0.20457754873990344,-0.02839905895822804,22.08242747788882,1.6044324253684221,21.185370071730922,565.1126582484627,410.8836954294582,217.38513317171567,1215.0819027898447,5.375895487519693,5.2192618924365295,0.5589632168254928,4.937025106399896,0.4857407926438636,2,3
SU0100021,649.214511166305,205.70809191356304,-0.23505873753531573,-0.08692110232898412,25.04005371708707,0.8927830702691022,22.409657062095455,763.036191881045,70.79334859291922,170.34550217016331,1406.9245841276406,1.241686920549448,6.418278650797753,0.6344120369547475,5.2373054638175045,0.5207624324708621,3,4
SU0100022,302.33555405172075,139.1558779722339,-0.1092915727889291,0.09258399117143032,11.584112700311387,1.0557779651990267,11.91167139931298,412.8058291738412,117.07721903419989,359.8785559239526,1629.459409758439,1.888333619526089,7.8091213109902435,0.20166609725432416,4.622977335128313,0.5383351633528948,4,4
SU0100023,479.43283674326835,189.09508028254237,-0.12248626611833624,-0.1376198498600929,17.17035038734081,1.0373661767195768,14.96205726457,654.5543269808044,111.05826078216565,137.90760872063782,1349.5646065718852,1.807080295218385,6.059778791074283,0.4032263579638047,5.083954587223468,0.4992149468822835,3,3
SU0100024,340.5747160373912,190.53387133908686,0.10945735106755626,-0.190451796095789,12.611517453935843,1.4133222446192921,8.68148679985762,663.305544485665,280.8524392747903,110.65871769383668,1504.0205937945652,3.915166420200203,7.025128711216033,0.2380366507639862,5.0972357354377245,0.5324051363786932,4,4
SU0100025,611.4715633966246,179.15898007326678,-0.21803989198974463,-0.15148671586285986,23.02552709602204,0.9132735231758183,19.865782201043288,597.1908470681049,75.78045668580006,130.16532204671051,1504.7077720935956,1.3141635242971688,7.029423575584973,0.5845569540774145,4.992236739137847,0.6323024735796408,4,7
SU0100026,151.44627321225948,202.4722276871027,0.17844330079314646,-0.01836310514474557,8.283992611085031,1.549487763355299,4.194636650286554,740.5816921509951,370.0999865951544,226.66815188103206,1588.0323993642305,4.927397718968531,7.550202496026441,0.09848367337900725,5.207435947880948,0.49375447352817586,4,3
SU0100027,528.5140841301621,74.64062130997014,-0.35165149626283104,0.11313189614703302,19.149057932461535,0.7642436235276805,21.049968207512414,227.5686358684895,44.40686235092518,392.0474587149303,1342.4008115640893,0.8418346563029863,6.015005072275558,0.4701938323549099,4.027451889015109,0.5135577723997256,3,4
SU0100028,300.4403944113652,88.35196929954807,-0.026075655014192452,-0.08754926329627757,11.53542919149311,1.1796673122817296,8.835749838837355,258.2732616637936,163.31769940769348,169.90023348596432,1560.4753596791518,2.4919889082011775,7.377970997994699,0.19997633830580835,4.154018178149674,0.5862030735183674,4,5
SU0100029,607.7529363384293,195.50905141034883,0.2366652307397829,-0.1281112522853863,22.83603700411991,1.6745653532162956,20.11075998618248,694.4779932845454,467.1549133788149,143.48107076847282,1491.2104214075332,5.982772578873691,6.945065133797082,0.5795313035017021,5.1431604745570665,0.6406151856415672,3,7
SU0100030,777.6171656808466,87.58536279260277,-0.04685331624838049,0.16297453150407126,33.308610053652224,1.147434879749758,31.568020857100777,256.45207637069956,150.29300193152915,482.538421631772,1581.2926568318505,2.325237720460712,7.508079105199065,0.7798066206400296,4.1469418103932565,0.5656210425183819,4,5
SU0100031,510.8167551817618,155.05293982899656,0.04323285946354863,-0.030284894998138003,18.410591474588202,1.293877873565375,17.971458895988437,478.051967200783,215.49364894447822,215.68369026974327,1493.187420632889,3.139644357444408,6.957421378955556,0.44579271612963056,4.769719444575353,0.5562878964892031,3,5
SU0100032,427.94712487117016,214.58840930229348,0.4371366972623129,-0.213238396719129,15.314060427810515,2.1876959878523627,11.699526021893355,828.219010072818,1041.6349125119855,100.63566123993779,1551.8420038703969,11.671177304581903,7.32401252418998,0.33669185327452944,5.319277624328863,0.4891847929104876,4,3
SU0100033,653.932463953465,183.02623576631095,0.11427821610636951,0.14106078918105355,25.30396318281692,1.4224360853674032,26.39283119565231,618.894290829425,286.32080111523493,440.4307777273564,1530.787378842909,3.9785896095037647,7.192421117768181,0.6404695207199861,5.027934483996717,0.6405641830731343,4,7
SU0100034,128.02637911803805,283.3793993645415,0.05625932278385101,0.1293412026894218,7.863885655437623,1.3165470399438868,5.745601454969623,1562.8578490014131,227.01981198397792,419.4404989696079,1304.8198808253564,3.278975663626629,5.780124255158478,0.08752007466504017,5.954271378749614,0.48353840947157317,2,3
SU0100035,576.2688929460594,178.8925371930649,0.042460288201498435,0.13014181931159594,21.292934789300386,1.2925457426449203,23.19059838087335,595.7238771846646,214.82874005131714,420.84204803332057,1217.564749551544,3.1315694293239984,5.234779684697151,0.5364199571587926,4.989777266397522,0.6279055257373848,2,6
SU0100036,551.4907437924269,166.7541790269044,-0.22066728515773354,0.0603658402052238,20.15218590170449,0.9100797491550412,21.06407070645922,532.5788082385546,74.98820686474079,314.66995706227766,1113.7427438350342,1.302704362861864,4.585892148968963,0.5020704656550531,4.877730883325271,0.601871520899097,1,6
SU0100037,281.42094961486146,183.47476432013582,-0.017875325599188065,0.14034457767526604,11.058038900952019,1.1926362971276787,11.894335446276825,621.4619881216346,168.76356261978216,439.1183969537848,1471.4151729577775,2.561045519922404,6.82134483098611,0.1836058634017966,5.032074747570484,0.4944689151083468,3,3
SU0100038,458.81151472518343,262.7373799690531,0.08044454537713404,-0.04627559778277936,16.40127247257729,1.359693618476057,15.682521165155258,1291.7196365918114,250.07932849493088,201.7814153419806,1462.1685728056777,3.554265688695924,6.763553580035486,0.37599026996008766,5.763729661252798,0.4246258327531643,3,1
SU0100039,619.9253561532773,65.61197899979473,0.11276946987531841,0.0154345910989519,23.46217805982546,1.4195775014729144,22.976562590943317,209.37158152111692,284.5980629750273,260.94529724223946,1881.9122879318274,3.9586308990252648,9.386951799573922,0.5959153403175703,3.9441105753827204,0.46198915570205557,1,2
SU0100040,531.5208236126861,296.88870055999905,0.17870844604371214,-0.08354544618958797,19.27743350929457,1.5500356459569236,17.888941259555768,1770.4209471727352,370.4927158336465,172.758380575658,1535.8347885397516,4.931754564355804,7.223967428373448,0.4743569953325044,6.078972620553838,0.550159948513207,4,5
SU0100041,600.7520561309483,134.58577166098607,-0.013398060405110178,-0.19176628503320564,22.48351439171633,1.1997772558745308,18.77758632120567,395.753577456858,171.81318595488847,110.05429251674138,1521.6197522988932,2.599553757716742,7.135123451868082,0.5700256655203984,4.580791738409102,0.5860016538737466,4,5
SU0100042,509.06450572410085,75.0216921119888,0.14827977942771936,0.043743004559136274,18.33904209222998,1.4884069286371422,19.137114187478417,228.37053552956294,328.0346088849166,293.612983941461,1383.8375843678436,4.456064295199984,6.2739849022990235,0.44338892855859136,4.030969465649127,0.5275519642529549,3,4
SU0100043,279.87950749926904,113.34834169443621,-0.08067170195357092,0.14741049747361815,11.020225197791675,1.0968448397047348,11.95215580508743,325.3019810355228,131.27747228095666,452.23882136145545,1397.679457458004,2.0773526670007185,6.360496609112524,0.1823257059799628,4.384753923333258,0.6012170927463008,3,6
SU0100044,453.10308348491566,196.11659145537186,-0.021209325321570324,0.1047667920111292,16.194529804954264,1.1873463980754226,17.977899780154427,698.3836101311554,166.52787265004767,378.6181964345255,1414.4301858850308,2.532741337950164,6.4651886617814425,0.3685793632538557,5.148768536511125,0.42419773999980476,3,1
SU0100045,301.2491743545461,145.42796289372077,-0.1873589956017079,0.04922544188154615,11.556180331060064,0.9514082780231287,11.146780811813674,437.4111080853668,85.67525272727185,300.3973228320483,1425.4770936227076,1.4556754426536727,6.534231835141922,0.20069615917795883,4.680873503634346,0.7399685240021145,3,1
SU0100046,237.21137287531621,193.23615661613707,-0.16919295352585034,-0.059208160845921426,10.023317833391141,0.9747340594765772,6.849195153274718,680.0592367378865,92.13253939352683,191.19604778223587,1522.627115734487,1.546545119956798,7.1414194733405445,0.14960345613162856,5.122179907225881,0.3639702900100571,4,0
SU0100047,592.6287010218449,303.6889850478209,-0.06801574475528892,0.031176942816661137,22.081285652191845,1.1155107149151304,22.17739853112721,1885.1157001049596,138.09433257012773,278.635347404257,1663.987470900064,2.1668637612254598,8.0249216931254,0.5589313480344931,6.141744477364501,0.5368837199978403,0,4
SU0100048,445.42716606433305,32.07713375808609,0.096148607909246,-0.013580209167467668,15.9206327397788,1.3884640606898009,15.706941860821823,153.63169664138212,266.2922611194441,231.23067264203624,1337.970583777894,3.7452761767003846,5.987316148611838,0.3587116842361391,3.634558157766949,0.5601277368222155,2,5
SU0100049,444.93753577488735,145.65230147749082,0.09094367341630623,-0.16060588935886133,15.903319440467644,1.378861600039737,13.237472679709041,438.3178452682383,260.8054412869615,125.31227153511851,1667.5704457718014,3.680856898964788,8.047315286073758,0.358086184005394,4.682944321330685,0.43818510695052776,0,2
SU0100050,430.7137464960525,304.99150261432754,0.16910321424636332,0.011712479099452822,15.40850202550389,1.5303109534883703,15.556298126504032,1907.9176991107715,356.5280281089685,256.92956887022,1349.5151655198054,4.77635345967351,6.059469784498783,0.34013303896671865,6.153767716439946,0.5076582154640086,3,3
SU0100051,563.1895566254253,182.4390101020739,-0.013630639443894428,-0.0036999016901021198,20.6829590273711,1.1994052561691657,20.451262173931504,615.548622591545,171.65341970041584,240.94862655796814,1465.6999824471818,2.597539199676805,6.785624890294886,0.518310636480931,5.022513939403759,0.434641701148799,3,2
SU0100052,457.0280664110501,239.450563509145,-0.2052501446326676,-0.022746661384713422,16.336399284708982,0.9289811235231311,16.005313781795614,1041.8720607570908,79.75818913482118,222.56567892570308,1368.839371396665,1.3714010084680202,6.180246071229156,0.37366850017920866,5.548774432392108,0.558908034351849,3,5
SU0100053,480.0460274079727,276.0305882233535,0.07598747312853807,-0.15741637989326535,17.193763443497918,1.3516372438241635,14.655961400977848,1460.3569906898613,245.66035041046112,126.98873949214428,1607.3964818581917,3.501850619182671,7.671228011613699,0.4040463777910721,5.886436198984802,0.488027851499035,4,3
SU0100054,446.14065315204397,200.39823630696293,-0.0737621129595202,0.10714269795875463,15.945895352624396,1.1069965266019621,17.746737033003175,726.5384539753416,134.9563709641636,382.3849822936673,1376.0783901578568,2.125753420018121,6.2254899384866045,0.3596240210194677,5.188291412064273,0.500484275792691,3,3
SU0100055,431.8532391613404,143.23348135692248,0.16487873333217193,0.07545555523323637,15.447568967491266,1.521715491236892,16.662996332383845,428.63971932262433,350.5540606810394,335.0896630153765,1773.5910326419314,4.70956608649027,8.709943954012072,0.34155531052915034,4.660616750986977,0.7314115363119404,0,1
SU0100056,364.47093425217884,184.57724327627378,-0.17643004749651495,-0.09331271132979205,13.299323738784844,0.9653736376290295,11.229768920977087,627.8187288017505,89.50368610952036,165.8687870150251,1399.1867983590928,1.5096832214183746,6.3699174897443305,0.2629451161871409,5.042251476396373,0.46542761006893807,3,2
SU0100057,360.66029087828554,170.62151539618344,-0.18250776275796105,0.10105523509651593,13.187179278682404,0.957582228125016,14.32104300798637,551.9344961759926,87.35401053916573,372.80797679649004,1353.1594340131978,1.4794061996386552,6.082246462582486,0.25886285733346387,4.9134293728878475,0.7747655176077114,3,2
SU0100058,468.75079882640887,184.6811467246084,-0.19430117766990526,0.2047310109753167,16.767562553329228,0.9426424439706677,20.25249235950451,628.4211640946808,83.32888846239901,574.2391108845238,1679.1201089284666,1.4223769885839754,8.119500680802917,0.38903165089408404,5.043210585150232,0.5737532696588891,0,5
SU0100059,307.5755412196782,193.6933470521003,-0.16821465690258824,0.17548263161680328,11.719791342954116,0.976006327785332,13.497092685489763,682.9353004693368,92.49377753739378,508.35378468772325,1629.4711570965076,1.551596618148269,7.8091947318531725,0.20639360758371986,5.126400126634772,0.557635123079019,4,5
SU0100060,111.45238061548196,116.07796138716301,0.10316416973998085,0.1455460430067787,7.579518950919715,1.4015128023366945,5.371137740715055,333.6025828479475,273.8708593273071,448.7391879742692,1677.467169838741,3.833892347302025,8.109169811492132,0.08044059668500447,4.409950412804582,0.4226389598206836,0,1
SU0100061,604.2794152263227,246.00848907139041,-0.24875033483733677,-0.0009485418447883617,22.66044566144176,0.8766327660628256,22.095057116943856,1106.8895237925108,67.02050790237111,243.72675526454952,1543.814783729353,1.1862916929917549,7.273842398308457,0.5748219471921021,5.609309129889757,0.5259388332122612,4,4
SU0100062,216.6108660277837,158.82962284520764,-0.0490958145382536,-0.017768688545730504,9.574805847518094,1.1440091760509494,6.73872220309608,495.0115689717919,148.9509030400695,227.23024480464915,1409.8445719319889,2.307921382150091,6.436528574574931,0.1356192701768721,4.804581133955763,0.5145590277406826,3,4
SU0100063,542.852869177544,208.75954932303122,-0.04566401442850008,-0.049157871404160225,19.769048095018928,1.1492558516792404,18.902758166835152,784.8344179473223,151.00968023640715,199.3726199306613,1514.7766461207134,2.3344740478411476,7.092354038254458,0.4900747333843885,5.265472762981827,0.3963267259283855,4,1
SU0100064,635.8663229007625,179.96339868700767,0.005954028989634274,0.11528811691133567,24.308207508983283,1.2311377050438381,25.260714505774136,601.6417338924061,185.64126265063777,395.58558224439184,1187.5495151922803,2.7727698413045347,5.047184469951752,0.6170475192519884,4.999662141726224,0.39209329041128294,2,1
SU0100065,599.2846921582335,179.53740441664647,0.02552654147878983,-0.055455249020693466,22.410319351869806,1.263689211657037,20.992372766919747,599.2805706845859,200.75919718814802,194.20930367613437,1606.296587878389,2.9597016566858607,7.664353674239932,0.5680265040562712,4.9957298869228906,0.6246111074392896,4,6
SU0100066,637.1168129112749,163.0461502037021,-0.3161534081421604,0.09230834496445536,24.375850719327325,0.8012855708605785,24.926348473734947,514.6581660084515,51.18192116434831,359.465463364306,1695.4765865948148,0.9475792600018234,8.221728666217594,0.6186877935193807,4.84350292495725,0.6015646729587184,0,6
SU0100067,391.6643630738488,223.79663558840426,0.12907945619421682,0.18705794973589027,14.127779395706355,1.450786671801989,16.960135504025626,901.6952802393478,303.78427408312876,533.4728205520111,1359.8224121235269,4.179806083614335,6.123890075772042,0.2932518822204821,5.404276636200654,0.5318836332364689,3,4
SU0100068,684.5089692058219,183.73165464348025,-0.1675991403076912,0.04975395420320436,27.083070298992688,0.9768076540153857,26.06013692805759,622.9374066436155,92.7217839256442,301.0595671004152,1592.5858614104268,1.5547833310450196,7.578661633815167,0.6785840024631092,5.0344460428628945,0.5570370317064802,4,5
SU0100069,589.52528689239,163.18411639042753,0.22174184035740888,-0.10808306204552118,21.929526502248823,1.6415744095414952,19.735710122834256,515.3140182337768,440.08476735192164,155.96847572510464,1406.0286779577955,5.692442784413724,6.412679237236221,0.5546767101083482,4.844776458988562,0.5508788410822021,3,5
SU0100070,708.2117249861607,82.67074394385511,-0.19654451246481588,-0.24452742092816612,28.54784955162384,0.9398271064411468,22.07722117843681,245.07789479287567,82.58449492553255,88.33494179326073,1505.2312360405233,1.4117804313707123,7.032695225253271,0.7066054230546215,4.101576097943278,0.4605355346234765,4,2
SU0100071,480.780980196775,222.98958234296103,-0.09623140811742699,0.027753842729203747,17.221867730706133,1.07432381658514,17.770713275361313,895.0028601204216,123.35598564907453,274.68940180334346,1452.1059347597245,1.9723557482048542,6.700662092248278,0.4050299362970531,5.3968269139350245,0.603769145207715,3,6
SU0100072,635.5230521226416,135.02430974865035,-0.025297763010067895,0.1252492077264593,24.28967169675991,1.1808914853812984,25.413383266877048,397.3588522257634,163.8266649675331,412.34966829791034,1562.9402992406556,2.4984589537240467,7.393376870254097,0.6165967807592005,4.584839782295234,0.4382430353799095,4,2
SU0100073,668.0112510108489,109.50030954164451,0.2118769604941509,0.12289186078092298,26.108142124391094,1.6201238776276872,26.637524107881728,313.9499651446886,423.05738931224084,408.3192810324684,1546.381676146944,5.50830269557754,7.289885475918401,0.658275360832497,4.349233626538257,0.5625786274748955,4,5
SU0100074,512.3741939150644,224.10405684100184,-0.055616725419309246,0.028268384476787263,18.474420462284186,1.134105649270608,19.007913949087847,904.2576861647279,145.11595294347808,275.2789467341362,1639.5094986431122,2.2582968325735298,7.871934366519451,0.4479313906525541,5.4071143708400164,0.5050554765179529,4,3
SU0100075,439.08530680167496,102.36624375291017,-0.15967091191892582,-0.21940743737298027,15.697836557970135,0.9871882292953987,12.029860197182133,293.94148342685736,95.70938421498938,98.08185099218537,1616.7726062424847,1.5964200073986488,7.72982878901553,0.350647847738826,4.283380711565325,0.6947131633666217,4,0
SU0100076,806.559209824655,74.30450823927643,0.10872820073343,0.17065276199082677,35.52126663964629,1.4119488798045507,32.821515304139254,226.86367962943922,280.03449805908457,498.2256938995473,1426.9104030818137,3.905662158593322,6.543190019261336,0.8061724675398663,4.0243493068240905,0.558115794452004,3,5
SU0100077,188.57925085515933,197.3378509184817,-0.15953395941520762,0.023956202149381742,8.996564476956273,0.9873685096209833,6.344018680190336,706.3011472942462,95.76182913779512,270.37706153139953,1250.2075324497791,1.5971489528274891,5.438797077811119,0.11837668997282047,5.160041700785985,0.5934286579582078,2,6
SU0100078,734.4122815768042,129.0933089885141,-0.17053838721156517,-0.25872276510599773,30.259345235468686,0.9729870402264749,22.85954264288687,376.189152844697,91.63803833560848,83.26168494618713,1457.3738345479717,1.5396247367476599,6.733586465924823,0.735850681366009,4.530092082970899,0.5034724852574717,3,3
SU0100079,270.81650577735013,209.44621916029115,-0.06749555727969737,-0.12908831503742788,10.800497901527297,1.116284682893452,6.991392196273152,789.8248829894352,138.381971487687,142.89813312966388,1411.2684150975285,2.1706242718671653,6.445427594359553,0.17493908211490256,5.271811253787303,0.6357043631143693,3,7
SU0100080,658.52864987594,171.54830600259817,0.09286575276972787,-0.13930943476640867,25.563735815679145,1.3823998405060465,21.898734693513077,556.6765455603967,262.8183242291264,136.9401572227822,1505.1792161163248,3.704515604712528,7.0323701007270305,0.6463279448728004,4.921984363100906,0.5617857864389177,4,5
SU0100081,465.42942847022914,208.30479183723216,-0.11706501819666768,0.061178484933134145,16.64425973963271,1.044891768323998,17.730785856061146,781.5467755134298,113.49285997271835,315.73724163936,1588.2974034450067,1.8400325702329223,7.5518587715312915,0.3846549405844494,5.26127500157445,0.31662720954423473,4,7
SU0100082,764.2550266318212,341.90388325207095,-0.09240735383341879,0.1230417641109306,32.334096136388176,1.0798155018137185,30.382835993086335,96.68134434020884,125.25737051570002,408.57439577920826,1449.2341239596094,1.997657985653227,6.6827132747475595,0.7667957345997383,3.1714204607883474,0.43270512140243667,3,2
SU0100083,353.12732889099925,246.74887351084027,-0.2882256795822957,0.13547893211544207,12.968264431627265,0.8316855069202219,14.601822769907342,1114.4802679147865,57.231089970025764,430.30555548272866,1491.1836641532336,1.040028102814985,6.94489790095771,0.2509152187154016,5.616143447792372,0.4546083735646054,3,2
SU0100084,445.0392869855156,113.88041782839332,0.1299337801287793,0.08789133717154059,15.90691580705988,1.452440202427274,17.38305011340684,326.9036225980055,304.82417059327184,352.91029572543266,1224.9342185798325,4.191726076047009,5.280838866123953,0.3582161309874935,4.389665395339016,0.5177126305184533,2,4
SU0100085,394.62658077803013,264.07814794985904,-0.20251486771896315,0.19250749256220165,14.22108517937677,0.9323753366634482,17.16615857296009,1307.8057097998428,80.6356233667322,545.7246542735433,1494.67284167729,1.3839620564181132,6.966705260483063,0.2966741994795616,5.776105981075622,0.457045247489593,3,2
SU0100086,428.09064687833,127.89477535005071,-0.1911927603023259,0.01137922316764508,15.318945439421778,0.9465573860750035,15.448734431395808,372.05016433290666,84.37144025992548,256.5730526886843,1303.5335118893051,1.4371914095004452,5.7720844493081565,0.3368699477571229,4.51902869553893,0.37557070330094494,2,0
SU0100087,481.65823524732883,62.81434723283763,-0.11282413021012805,-0.1090923466324027,17.255473744439552,1.0508168629084602,15.524058926856076,204.03392563487105,115.43452419813484,155.3139505334814,1360.6054284758698,1.8662285309607394,6.128783927974186,0.4062049307325953,3.9182862821492703,0.7100770481272123,3,1
SU0100088,560.1540820905227,195.94911558469659,-0.2664597444513442,-0.07847557603643063,20.54391164784753,0.8561757065282781,19.086954702913154,697.3047912834654,62.43718567704528,176.4466268482252,1534.4484207906419,1.1182901330330774,7.215302629941512,0.5140991530540131,5.147222605397199,0.4680376869669595,4,2
SU0100089,713.4513118332374,101.82472191643305,-0.04295492037977634,-0.07032619679706703,28.882189862308913,1.1534146143946793,25.18433662467478,292.47583517107654,152.65497636425877,182.5408858548033,1526.2913055011065,2.355650551669264,7.164320659381916,0.7126035971137398,4.278382048459382,0.49876079425156594,4,3
SU0100090,501.23914712723126,164.65154403443094,-0.11015816360869515,0.058211264219653516,18.02288878331108,1.0545587663758715,19.073932347497667,522.34168616058,116.67208943017482,311.85768135815357,1538.1421399739882,1.8828867816818866,7.238388374837426,0.4326877240586593,4.858321944933209,0.5429108843797467,4,4
SU0100091,472.51749997684755,231.7753619837998,-0.0353751365721272,-0.036803674539112465,16.908503593861123,1.1651305621312524,16.37339709011442,970.6116291591273,157.35422178877477,209.9042251742919,1516.7504047821,2.415926549933663,7.104690029888126,0.3940168910821866,5.4779264183119984,0.6857269346376681,4,0
SU0100092,308.7358825561833,230.04069804859805,-0.28397567418571573,0.02607277898743487,11.750050245473298,0.8364117759090808,11.05205286030882,955.1936892005918,58.2123367111768,272.772081206682,1752.0132524173969,1.0548667117583266,8.57508282760873,0.2074514863839591,5.461914135833212,0.5890934819573846,0,5
SU0100093,580.7125141371627,143.57078452780007,0.004657080073283136,-0.030247537848402752,21.504237987701536,1.2290105811380254,20.690249918971837,429.9763979608989,184.68068750108392,215.71726508235258,1374.243742730983,2.760808579040916,6.214023392068644,0.5425530826606252,4.663730318718155,0.5268099507620104,3,4
SU0100094,585.7086089127591,130.13089054550838,-0.12094227310270261,-0.16322921251106093,21.744317613487496,1.0395039579527794,18.668181249200728,379.80948011751684,111.74627589222841,123.95000281648034,1562.5160041742233,1.8164046670932164,7.390725026088896,0.5494332754989497,4.539669758881616,0.5936258609573649,4,6
SU0100095,591.6988799625732,242.7360820273633,0.013180145562109127,0.047041312483890804,22.03570688093157,1.2430568249041134,22.405644984387138,1073.9538410824002,191.0854255503187,297.6759470085698,1548.6139881020101,2.840368560395842,7.303837425637563,0.5576574848235176,5.5791022956372,0.5426767984465434,4,4
SU0100096,454.4520709366635,323.9199200264742,-0.06779264697802627,-0.07990532533445237,16.243149793813462,1.1158425882208283,14.952491780851597,2272.1722005741135,138.21762172761566,175.39860811912058,1569.4415717520171,2.1684757688392295,7.434009823450107,0.37032523007460166,6.328491569475147,0.5701483532236005,4,5
SU0100097,297.1375214301411,252.974086546643,-0.014129186302624996,-0.13331173142588645,11.45107235365454,1.1986082414675532,7.944596976296268,1180.3980047355162,171.31145169516526,140.40547020294127,1690.2054582966198,2.593226134416539,8.188784114353874,0.19705686598577485,5.673606952738243,0.6000540457276924,0,6
SU0100098,322.38244144937545,295.51688461675207,0.0988196052549289,-0.0012235338750055356,12.111836568142415,1.39341765457255,11.127813825114508,1748.1436004958032,269.15257739617203,243.4476530458947,1754.4350088994847,3.778770469814621,8.59021880562178,0.22019300458806568,6.0663097041546346,0.5627438227063712,0,5
SU0100099,544.9450464812743,137.08049245857072,0.08727756589606178,0.057192356078877585,19.861173985937025,1.3721379732782757,20.756624408919738,404.97281054122413,257.00878407319334,310.53651144707356,1502.3488223823538,3.6361492366406476,7.014680139889712,0.49297969260370783,4.603819930386806,0.4868010916905918,4,3
SU0100100,573.3873737498933,175.46307892546105,-0.20002114781013017,-0.17661748215890227,21.157023731084987,0.9354806068380537,17.965884276514146,577.1606949666598,81.44397892635617,117.22484284384595,1590.424540609563,1.3955140480649577,7.56515337880977,0.5324368437724346,4.958120728542717,0.3418489347958649,4,7
SU0100101,586.9738948530268,148.9246012460014,0.19623699103198652,-0.05921618509846509,21.8055431581894,1.5866887878114146,20.45093727042107,451.7595934085591,397.4018415599323,191.1896553667132,1605.5174742803033,5.22849410948868,7.659484214251896,0.5511728281499099,4.713150165347705,0.5182468927009767,4,4
SU0100102,570.4746676275058,227.89437450980333,-0.06938335744868702,0.11958658613980848,21.020523319291854,1.1134784528920254,22.789346843399812,936.455420540551,137.3409568528604,402.73446228209883,1341.0083396629627,2.1570081414623643,6.0063021228935165,0.5284064166020869,5.442101918552031,0.5735674274046704,3,5
SU0100103,716.0751501018135,222.90243696637177,0.28746673151031155,-0.09161271807727926,29.051086659313825,1.7919223378263838,24.931599424893648,894.2831924351867,572.4165302113446,167.0478571868685,1279.336119784226,7.086718783069633,5.620850748651412,0.7155796619572443,5.396022495074201,0.4704531913203905,2,3
SU0100104,668.8796619787187,212.36499072750962,0.015338498947112365,-0.13475484589285558,26.158574319644778,1.2466392517348095,22.377183867624797,811.3940036051799,192.7422869440772,139.56374851022497,1622.6987669326497,2.8608773108078926,7.766867293329061,0.6593597978791762,5.2987537605616275,0.4520236177879568,4,2
SU0100105,758.6109248278419,5.733497504091247,0.05496767198573257,0.06997297627892916,31.931080089602112,1.3142816325341362,29.278863347953784,3342.4623800661034,225.8499154965032,327.52161989037904,1421.1424369767105,3.2648883733780854,6.50714023110444,0.7611417960945934,6.714463053883919,0.40518293431305474,3,1
SU0100106,441.51051465456,108.9618093285813,-0.21705068646225234,0.2066831930394779,15.7826660884588,0.9144788715155598,19.22568434277974,312.39326390864295,76.08090048165516,578.9290730375743,1543.6580028841236,1.318503935703702,7.272862518025773,0.3537217930821738,4.344262855340751,0.5803750064491188,4,5
SU0100107,494.3759742646751,168.76337964117664,0.1446826023359,-0.0038804542434258526,17.750098299773526,1.4812852697919905,17.772169206235823,542.5484284886885,323.34840959109164,240.7674285170957,1584.9110300839573,4.402952511021758,7.530693938024733,0.423353386352966,4.896277350533938,0.5343196561723987,4,4
SU0100108,488.4124796682315,88.55057923587897,-0.2966623593550692,-0.031387428127968214,17.516422049041367,0.8223823776435518,17.081805962742866,258.74719414555824,55.33195349718933,214.69513593686793,1509.0394707189173,1.0111875869955156,7.056496691993233,0.41528660913947757,4.1558515006388825,0.4471095970632968,4,2
SU0100109,543.7945242937661,183.49391659438263,-0.32340120090890684,-0.10981495913754014,19.810459464119585,0.7935794633258884,17.92842662579857,621.5718662380104,49.719399869392866,154.84702130943407,1565.162222997675,0.9249607238908889,7.407263893735468,0.491382137263643,5.032251537794301,0.5809646983516595,4,5
SU0100110,342.33851504804306,190.29912328248278,0.15336108380407082,0.09324875507890779,12.661045970933422,1.4985252309027337,13.478421503183473,661.8697804373786,334.7702029880399,360.8767471849987,1484.7542740777706,4.532182505114277,6.9047142129860655,0.23981848485358365,5.095068830299841,0.5125618949340567,3,4
SU0100111,436.7179928197892,210.4082858891277,0.029265595971433203,0.07552848073226404,15.615471822647157,1.2700049455903881,16.85339662186287,796.8702517539778,203.78436161921883,335.1914975731862,1521.0998100993843,2.996820779474948,7.131873813121152,0.3476591888479295,5.2806918697457945,0.6155011160277954,4,6
SU0100112,567.026655932386,231.00476654855962,0.13062341555499582,-0.09654319562697762,20.86007433704652,1.4537763555962437,19.053094470254273,963.7319826708385,305.66620163542154,163.6510938305026,1210.6969525006807,4.201373035937753,5.191855953129254,0.5236305158761504,5.4708132296790115,0.6734794284811643,2,0
SU0100113,596.1985715282071,68.5584167927521,-0.10707292458280666,0.09262491508437941,22.257154161628044,1.058905789130118,23.34035969972549,215.14419176372374,118.12085575805519,359.9399263173587,1455.251707018737,1.9023505466823352,6.7203231688671075,0.5638147571434367,3.971308462702327,0.5090350864544699,3,3
SU0100114,802.158734856334,111.92633548505232,-0.11972300366322508,0.025366377005792105,35.17560294423008,1.0411952462152154,30.228945972287303,321.05990066997356,112.29260232425226,271.9704001847382,1562.4727891286211,1.8238019781039543,7.390454932053882,0.8023237891816093,4.371627712169714,0.5897074427472586,4,5
SU0100115,714.0228480224105,192.9076103442986,0.07340759084076137,-0.031105111117809985,28.918895871008132,1.3469958113206983,25.86024779335246,677.9999216696576,243.13828689882973,214.94783490557015,1510.0317285178742,3.4718651941311545,7.062698303236714,0.7132534381426262,5.11914717240891,0.5586027344042908,4,5
SU0100116,588.7176644474265,230.21508749287943,0.08327185229172465,0.005306040348021972,21.890204514690698,1.3648289867950771,21.59412095653362,956.7325492724475,252.9235854133862,250.16194832884156,1370.5398424094337,3.587920694508263,6.19087401505896,0.5535681556279778,5.463523884549656,0.5554137006450168,3,5
SU0100117,544.9567987187661,192.5568026878579,0.3309787960710603,-0.06285273342494824,19.86169268878479,1.8989575190816315,18.75632994864732,675.8079566509432,681.2403524148125,188.3145326257506,1567.5662430600576,8.192856807360753,7.422289019125359,0.49299601194544473,5.115908947887919,0.6354769653795439,4,7
SU0100118,567.640344537889,331.9599327461907,-0.0567058937597215,0.03889070667840565,20.888541721490764,1.1324598686241405,21.334191843335777,2447.217812417742,144.48510533325023,287.73635048756836,1372.1910808171228,2.250112813143433,6.201194255107018,0.5244808880244548,6.402707071503299,0.5218780211885365,3,4
SU0100119,594.8081038713984,235.00976405000245,0.04786422510353613,0.1510937819201683,22.188487297445384,1.3018924892088946,24.26076707144608,1000.0271587712937,219.52297580620638,459.2328705572133,1484.8055503051726,3.1884898932317878,6.905034689407328,0.5619140825294276,5.507782437384638,0.5234265176128796,3,4
SU0100120,1036.7173193102894,205.625447213732,-0.10792223189678214,-0.08331165146976825,59.23982545031733,1.0577073525767806,37.539368226459565,762.4543132712954,117.7202529861553,172.92675422742047,1349.1712136749854,1.89697256210017,6.0573200854686595,0.9372613868690743,5.236542589665218,0.6249255484685431,3,6
SU0100121,484.41208727921645,188.27856091767157,-0.009526301165740306,0.08777908895291216,17.361395341951848,1.2059869352404338,18.912343765629174,649.6394296731672,174.49477444794363,352.74527785115066,1364.5209451385567,2.633320672233903,6.15325590711598,0.4099003612894025,5.0764174853938915,0.4639542171085588,3,2
SU0100122,590.373515292687,219.06235350549332,0.04987984696464611,-0.09713444749167931,21.970901589879244,1.3053960255859258,19.951173692076505,863.1388503814153,221.30003115939206,163.24842746844928,1608.397574734623,3.2099846543328163,7.677484842091394,0.5558404152570946,5.360575570819938,0.49049112583234933,4,3
SU0100123,456.123043938451,118.64302089306986,0.19517375229780462,0.0760105849232819,16.303577171108113,1.5844410095001216,17.616072568550017,341.59570381003067,395.7152983742184,335.86549607373144,1596.7989401086197,5.209996449702665,7.604993375678873,0.372492517519099,4.433627885166799,0.6497769136913961,4,7
SU0100124,1056.2768646829702,68.9003032458399,-0.11075648713156622,-0.07394101010094285,61.87150282524441,1.0537178121073891,38.456194569322015,215.82423242672806,116.39319268199363,179.81210739799081,1363.8688604187691,1.8791352724445054,6.1491803776173075,0.9433555504271446,3.974464337653907,0.46379334019170304,3,2
SU0100125,496.06244847003416,100.92075850618868,0.050256355130611975,0.006203798571433756,17.81674551583411,1.3060515131210362,18.005825194469672,290.04548944266014,221.63356732997363,251.0994713222545,1576.964586362185,3.2140158015200253,7.481028664763655,0.4256422967532421,4.270037770826357,0.5906182761310602,4,6
SU0100126,658.5412336168017,155.72841910644766,0.3181715103950501,0.02813173397785173,25.564450686623182,1.866805498542814,24.68991020695093,481.04202574757863,647.2198537055192,275.1222538244713,1202.0024395800328,7.850456644033008,5.137515247375205,0.6463439252305639,4.775954637905671,0.46980994033870266,2,2
SU0100127,236.7094619749932,181.12675089483497,-0.018270783608000045,-0.05621108374793494,10.01214448240579,1.1920076127873507,6.879627681006375,608.1373599928874,168.49681803823037,193.59864019860456,1821.7481779840823,2.557671790818634,9.010926112400515,0.14924905684655543,5.010400777490784,0.593918629926153,1,6
SU0100128,680.6977050603402,119.4802232837633,-0.14987173369965184,0.00441665989163457,26.85465951355142,1.000171036358848,25.15629952831825,344.2457897194882,99.53537067853544,249.23662577993136,1527.6811423443562,1.6494263393426245,7.173007139652226,0.6739485016038856,4.441355907234738,0.40149507463084344,4,1
SU0100129,517.5447358870839,180.91468538677782,-0.03227237486566934,-0.09760684948160117,18.687917477980342,1.1699607097619735,17.11107001535991,606.9480786301583,159.31932165255265,162.9274148284147,1413.6743708926176,2.4410430247216874,6.46046481807886,0.4550449713430252,5.0084432497241025,0.5358512645141764,3,4
SU0100130,566.3440042498086,219.31145286578692,0.16212843074263067,-0.03532172682326998,20.82845351679549,1.5161454728945363,20.046904718215835,865.1258169970235,346.71867732899034,211.20434789333524,1427.0150086215428,4.666587621134795,6.543843803884642,0.5226844226274092,5.362874949530341,0.5850124538827446,3,5
SU0100131,659.9520849539538,151.77697183817244,0.11855902154492583,0.11755024093871676,25.644726772524677,1.4305781959639379,26.235085097187927,463.8122051611276,291.26575160449465,399.33180811081286,1706.6698345053876,4.03576848550296,8.291686465658673,0.6481335148363597,4.739479740044668,0.6922656725375859,0,0
SU0100132,394.045095041301,180.90338360661323,0.001691654492799021,-0.01176882822390091,14.202720695598945,1.2241607893659547,13.738939892318912,606.8847626059319,182.50300122780604,232.9824702446133,1396.1179328623782,2.733653104769935,6.350737080389864,0.2960005758016886,5.0083389255995066,0.4311550397415143,3,2
SU0100133,566.6823002852207,130.05688212938568,0.01289902211214375,-0.0952852250038624,20.844117588936097,1.2425909756528402,19.06066903880532,379.55010012852,190.8706719412237,164.5111302730037,1324.0546646649054,2.837708159729304,5.900341654155659,0.523153290985701,4.538986604271252,0.5687438688301518,2,5
SU0100134,577.1658748251692,217.65332813586065,0.32787956496264375,0.033274743745301615,21.335420177390507,1.8911266324210585,21.611029750067168,851.985223008831,672.847199377395,281.0815288773814,1577.6130827302607,8.10865397402399,7.48508176706413,0.5376589280745991,5.34756918279256,0.463795093690614,4,2
SU0100135,318.3566607034526,282.8839140402667,-0.13852196698999555,-0.12527328857623704,12.003965142923393,1.0154217505905612,8.903759773308094,1555.7261110426905,104.15832861827758,145.1877836581848,1493.7441726053514,1.7130237949195724,6.960901078783447,0.21637671855889673,5.949697668064,0.542784606929809,3,4
SU0100136,387.54882884020753,160.17674078364848,0.18440635764751565,-0.09671923305981571,13.99916097444652,1.5618564464767182,12.070467237233364,501.20543591949195,379.03381797608483,163.53110151559258,1277.0124025014125,5.026318757538201,5.606327515633828,0.2885356820067894,4.81701606877214,0.6254074896719835,2,6
SU0100137,638.6134441488466,139.666289657837,-0.23732505241903767,-0.08935480277262757,24.457056037445266,0.8900893720841913,21.95683167068913,414.7553497040701,70.15448860544033,168.62685610821848,1491.2472901041167,1.2323420837322754,6.9452955631507285,0.620647376627665,4.627688827610803,0.6432537671907056,3,7
SU0100138,363.41524452346175,174.50620770175422,0.1012716989842347,-0.2857520808146305,13.268160397388067,1.3979808309893924,7.98139149566856,572.0852799526153,271.80551602493904,74.39333317335746,1665.405786870224,3.809783372640365,8.0337861679389,0.26181004238830813,4.9492880710931155,0.45540395422348506,0,2
SU0100139,609.7591888222482,196.03440472469836,0.16268795871957673,0.06611092570722484,22.93807508629978,1.5172769960002173,23.425817215985624,697.8539846035357,347.4955415596286,322.2933612122338,1119.633521323203,4.6752993638186755,4.6227095082700185,0.5822448317758765,5.148009889766446,0.4872176602275207,1,3
SU0100140,574.8769232835904,167.32630740221384,0.07164160946351557,0.09472398668036464,21.227171843428422,1.343827849801057,22.54616901681237,535.3988956004396,241.42682807728198,363.10181529196535,1597.3522778287486,3.451487732413999,7.608451736429679,0.5344963911633754,4.883012068328128,0.5328580045956428,4,4
SU0100141,217.6593379983135,150.3937188244369,0.06245522222084327,-0.1308536703060573,9.597140557888194,1.327468346795444,4.894746417055682,457.9276722020387,232.71648006597255,141.8508812415928,1601.0039568194522,3.3474004986691677,7.631274730121576,0.13630354777295722,4.72671125068711,0.6226714637813844,4,6
SU0100142,572.8360557332517,340.8543086896943,-0.1917132544067705,0.2263426990267298,21.131119050985145,0.9459007105798812,24.66044715118306,95.74918154703359,84.1959636434444,628.3482677777189,1412.5539531154595,1.4347000724837589,6.453462206971622,0.5316742717428106,3.1617320802125626,0.3912685421496804,3,1
SU0100143,772.3445298958491,180.86811345033874,0.1657410733436588,0.03323504102632383,32.920611643323696,1.5234661456892045,29.200649068610637,606.6872108854215,351.7653357127592,281.0350339693052,1573.369461793947,4.723123052589913,7.458559136212169,0.774735670134292,5.008013354926204,0.5790407398171614,4,5
SU0100144,675.54789614578,328.0329791561464,0.1456509503938782,-0.1896407181414642,26.549086087215862,1.4831990379409998,21.72173954775593,2360.097637848728,324.6032935689934,111.0333205140592,1571.4658424446245,4.417187440985144,7.446661515278904,0.667630663537927,6.366458269133659,0.6413184614482574,4,7
SU0100145,766.4861451765063,152.27067610115853,0.17474166677821915,0.11132908794614461,32.494807996325655,1.5418590890671329,30.27439044485543,465.9307463806259,364.6604574669199,389.11354861425883,1911.6027899151568,4.866973191385782,9.57251743696973,0.7690048934833797,4.74403701016454,0.4899998611001191,1,3
SU0100146,458.66789624792347,160.102261850103,-0.07353332250581629,-0.10680248997163236,16.396038806061647,1.1073342717646821,14.668154465669817,500.86097668189495,135.07993441318732,156.80290352413894,1057.971919092201,2.12737521198848,4.237324494326257,0.3758030885182487,4.8163285709240276,0.5152240421021493,1,4
SU0100147,616.4844507459828,147.9405800421158,0.29030717752936647,0.0016050975259035093,23.283459688719617,1.7987216833765167,22.612258043331057,447.674717953034,578.9572902185638,246.33389351514467,1706.5646488294617,7.1541355762216154,8.291029055184136,0.5913038539222825,4.704066892696454,0.5709136330183975,0,5
SU0100148,698.7533157807865,198.15070100568155,0.2053176947855344,0.006712722015888086,27.95407329253741,1.6060165593203353,25.896729869517603,711.6206200248615,412.1019536872256,251.63249629876972,1579.3793132942058,5.389175021397343,7.496120708088785,0.6955947389395856,5.167544932360137,0.5793066346920035,4,5
SU0100149,498.10861753708264,206.323850730104,0.3351579369296523,-0.03244763305145304,17.89794347799774,1.9095684024865125,17.441207908917885,767.3855834075146,692.7240666794656,213.74880752102015,1567.1143828565198,8.307785798303355,7.419464892853249,0.4284236670237432,5.242989391354806,0.6506223160695555,4,7
SU0100150,755.2455905699704,180.76156715175875,-0.35750830544360424,0.06200433823781595,31.6931735535021,0.7582988266710142,29.015178603906893,606.0908247302914,43.37862369706218,316.8255824377085,1144.8841186203117,0.8255591608701035,4.780525741376947,0.7577261386548703,5.0070298506316195,0.6675949784752986,1,7
SU0100151,580.5052968147869,244.97881129167928,-0.13531667072715767,-0.1863008967960065,21.49433793257851,1.0197706737524974,18.081302151752716,1096.4186910323558,105.50235944687218,112.58925257769909,1541.7207014625867,1.7314244148338844,7.260754384141167,0.5422673514241029,5.599804411923193,0.5473117248035086,4,4
SU0100152,461.5226512917102,185.50298324762966,0.415115383804839,0.10014306568428692,16.500384266879383,2.1243952601297167,18.228265311637955,633.2066109165605,953.8071815260563,371.3937325909461,1667.919776938131,10.845149680873863,8.049498605863318,0.3795306556236713,5.050796768439659,0.6175149513242685,0,6
SU0100153,816.3031858933947,167.6453412614516,-0.30821419615129403,-0.022630335960721174,36.29880634022971,0.8098127251749149,29.979062740953328,536.977930693628,52.83338145108102,222.6735802685985,1629.8777135994403,0.9729907983421163,7.811735709996502,0.814491326968081,4.885956996259553,0.47241596839079414,4,3
SU0100154,518.2541289119206,135.03496670484964,0.22530438777646955,0.08993484184878764,18.71740088513961,1.6493905406381426,20.264352377387816,397.3979430950713,446.40095531433235,355.9280158377229,1604.2464993030335,5.760444408134382,7.651540620643959,0.4560224466198648,4.584938154198612,0.5997281050496778,4,6
SU0100155,543.2951345406171,192.84115836428774,-0.17777768707984762,-0.2623730374500681,19.78848690187387,0.9636405608348849,15.366371274633977,677.5841620837557,89.02250933939669,82.00490074199894,1524.0129808552038,1.5029167345479122,7.150081130345024,0.49068876345408635,5.118533769516502,0.5759192205017716,4,5
SU0100156,767.667622316568,282.1368280453539,0.23549977274984202,-0.11976283119526533,32.58023536516405,1.6719651932302302,26.468804792389886,1545.0344543748242,464.982184057893,148.55989397404505,1443.6375944080369,5.9595754331993485,6.647734965050231,0.7701687970364278,5.942801489649421,0.5884267436705104,3,5
SU0100157,1005.7428419935919,276.20644824140453,0.16790957429975703,-0.04653455466591487,55.29938963341104,1.52787737017047,36.94775683309667,1462.729547328886,354.82982104489014,201.5638132313857,1358.68805901518,4.757387062148972,6.116800368844875,0.9263484094836458,5.88805952222835,0.6131126306706592,3,6
SU0100158,351.8809724378152,164.50163718628033,-0.017216692350288394,0.19114945069473693,12.932396170685973,1.1936841036993482,15.481195328605095,521.6193928222528,169.20876198266248,542.645387315194,1443.2484315264517,2.56667432896738,6.645302697040322,0.24961601391019778,4.856938189411818,0.3548600289141908,3,0
SU0100159,640.8000365792443,134.56357954824477,0.006394653665662022,-0.010404564101054836,24.57618437229445,1.231861210422484,23.35770313195303,395.6725155321477,185.96874364312757,234.31061498292277,1456.207360669157,2.776845336221349,6.726296004182232,0.6235032699794335,4.580586888137645,0.6132272465427764,3,6
SU0100160,274.0843218965127,146.3940753779666,0.10260568696760719,-0.07369017304132418,10.879214571026077,1.4004695631318278,8.041776300842313,441.32936894142836,273.2597335607232,180.00013705882117,1242.5909265168045,3.826761777105336,5.391193290730028,0.17757490650896146,4.689791465027384,0.6034844274605389,2,6
SU0100161,752.157033479477,177.07531150320457,-0.29412683977042986,0.08471636960385794,31.47639349979575,0.8251673046485339,29.273601906488405,585.8143177248154,55.89598992017079,348.2723795041694,1234.41793897285,1.0197700908532195,5.340112118580312,0.7545622873347729,4.973002875414196,0.5747039421478533,2,5
SU0100162,390.2565115464113,104.61044642514726,-0.06628650256195352,-0.02199570677127118,14.083648873501708,1.1180856665115122,13.421158113950362,300.09420095168963,139.05283791045062,223.26317259174533,1396.9266799381683,2.1793899353350237,6.355791749613552,0.29163348211889334,4.304096428539821,0.5970962622572121,3,6
SU0100163,469.70751187740996,243.71240665866844,0.04217597484652191,-0.08370686479155696,16.803248799169225,1.292055851483784,15.482399937595549,1083.6763019878642,214.58456420322574,172.64222624030447,1361.4496185868343,3.12860301183023,6.134060116167714,0.3902957119266407,5.588114523003093,0.41820029607620496,3,1
SU0100164,602.331972016028,156.95180942866173,-0.35582932920952715,-0.06428578473232802,22.562591041081184,0.7599982824696244,20.963702499528956,486.505142343428,43.670930864986275,187.19344803450394,1355.8345553192078,0.8301924280554934,6.098965970745048,0.5721756175301186,4.787247471649185,0.6760542073736528,3,0
SU0100165,243.49984985920423,86.3121980172865,0.16649544646585496,0.16281157889567557,10.164370888939073,1.5249992658068685,10.79407603167476,253.4558180726619,352.8283880406807,482.2109041046106,1380.8027298038974,4.735014654444295,6.2550170612743585,0.15410271072589282,4.135189520159567,0.4994331341752872,3,3
SU0100166,660.9223713795964,28.73851319855484,-0.27917905267583343,-0.03368800810208542,25.700081384836743,0.8417781856624192,23.752180974171765,148.96928173413397,59.340010350913936,212.64695442192865,1747.9824905806602,1.0718682540419895,8.549890566129125,0.6493618648398748,3.6037401218328142,0.5151415929466608,0,4
SU0100167,568.1686225123278,253.6963027166608,0.3160327099917219,-0.0692218167777975,20.913078246589492,1.8614894496528758,19.55286059584946,1188.293547836592,641.7063754561962,183.38279854760773,1497.3061242026517,7.794687147166507,6.983163276266574,0.5252127954087593,5.680273563538407,0.6957644177074275,3,0
SU0100168,276.0041304655429,246.79276958599843,-0.15274732985418873,0.012296684052378807,10.925727071381537,0.9963435945176183,9.549549807866315,1114.931940735696,98.39703589470845,257.5557453710053,1461.1809524159562,1.6336915909904304,6.757380952599726,0.17913789322913326,5.616548642332293,0.4733590719439017,3,3
SU0100169,373.04165302151046,197.96693367649405,0.14933089922440232,-0.015568344382620385,13.555050776936161,1.4904943830561876,12.858814100015067,710.4145113997082,329.41672707804025,229.3230936314987,1511.2181053973147,4.47170453679904,7.070113158733216,0.2722767271933181,5.1658486185522525,0.5956939253032838,4,6
SU0100170,375.10862085766723,228.08001304684,0.12290146455896203,0.31243515585004916,13.617455886440617,1.4388851601608263,18.4059211864101,938.0614935825705,296.3691655748053,899.4766996399507,1439.823329510467,4.094610302409538,6.623895809440418,0.2745579640206927,5.443815505047754,0.5133534558665498,3,4
SU0100171,688.4138568832742,233.241770979289,-0.0802630730065068,-0.04837952123160586,27.319107031077056,1.0974426059355928,24.576435747156122,983.839231761087,131.49222284082126,200.02026002348995,1586.5809341148865,2.080184149715938,7.541130838218041,0.6832971485474466,5.491462501347283,0.48379326074122714,4,3
SU0100172,476.10388215729733,185.82352987894825,0.1493908027233387,-0.0725518339415449,17.043798356293273,1.490613435582153,15.917064851535816,635.0829754912488,329.49566939374495,180.85591995255731,1205.2184860750924,4.472597528444827,5.157615537969328,0.39878408775709295,5.053755660421061,0.3966722025985432,2,1
SU0100173,323.30564799289596,94.64409831700408,-0.023191613792986353,-0.1426656184317126,12.136710356297511,1.1842123242235698,8.806348225861857,273.71827091505565,165.21266863977556,135.03850003175404,1387.5592064286075,2.5160610938809915,6.297245040178796,0.22107494606485753,4.212099369080038,0.4880731292014361,3,3
SU0100174,470.70858504736117,265.96278154900295,0.0992921384145775,0.0019355298331204648,16.84067103426632,1.3942958459225558,16.948703804616052,1330.7561572095292,269.6617925579672,246.67327991526486,1426.235795107066,3.7847271409564467,6.538973719419162,0.39161996283523126,5.793502598913873,0.5153413874701583,3,4
SU0100175,608.9943645913509,217.97098976789886,-0.13614262591509005,0.004377690673707778,22.8991224297469,1.018648245411629,22.36718680089211,854.4871325708027,105.15437372013649,249.19616008032432,1174.9408690139157,1.726664041006811,4.968380431336973,0.5812109574544438,5.350501444011374,0.5669371027336478,1,5
SU0100176,687.1868635525635,161.79553925274308,0.2724790494210158,-0.10574861369232605,27.244718798951684,1.7564687460028212,23.5725677988387,508.7510618206964,539.1081486801585,157.49296274478561,1534.7904664485218,6.7413722226720445,7.217440415303261,0.681820175494061,4.831958823871474,0.5471340202667236,4,4
SU0100177,531.9464198601866,172.5690590796914,0.01606575450142075,0.10175504921564398,19.2956741411243,1.247848671771728,20.993833814823542,561.9465278525414,193.303794862527,373.8966310822469,1720.437797803959,2.8678210202077135,8.377736236274744,0.4749465819452174,4.931406699197152,0.5498199804396674,0,4
SU0100178,696.7568929908939,134.38514849265914,0.11489331790893495,-0.09143898285923883,27.830329880152753,1.4236031545464154,24.18322945754745,395.02135717618717,287.0261342262654,167.16882636573126,1674.505589774101,3.986755436803142,8.090659936088132,0.6932411686597201,4.57893983223993,0.7268512701914592,0,1
SU0100179,528.0249001651495,37.48467309751845,-0.08221093998672345,0.14782501611471638,19.128252771599012,1.0945960743591634,21.609163052778865,161.494955279526,130.47168630635045,453.0205855404299,1588.4922859240392,2.0667214960495897,7.553076787025245,0.4695168798490901,3.6844739055155546,0.5699130878940024,4,5
SU0100180,731.5603040718711,211.48947355114743,0.18265877811767045,0.11033084119763827,30.06817617093403,1.5582213920133507,28.899525844977845,804.8629894959192,376.39349012775494,387.49844594602655,1743.4720724379135,4.997124233777714,8.521700452736958,0.7327594635029738,5.290672063549053,0.5787036867125004,0,5
SU0100181,712.9466922689119,160.03674024942396,-0.09021912173385088,0.20481211685027678,28.849820197074497,1.082970618250471,29.75035109129563,500.5581401519625,126.35855156013848,574.4332027015014,1534.5927482116301,2.012282387884779,7.216204676322688,0.7120291109687852,4.815723756148529,0.6143904452689903,4,6
SU0100182,572.2732025940502,141.87648269020232,0.0016474338873601984,0.1723192821321257,21.10470509197808,1.224088613985388,23.738168136415158,423.3040052501689,182.47072250982438,501.69732965550054,1588.8384118847077,2.733250188481492,7.555240074279424,0.5308955919366213,4.648090609448022,0.41308214722156333,4,1
SU0100183,511.25599781629217,295.84909652580626,-0.03206952927749341,-0.21605744300810167,18.428570729450033,1.1702771810476662,14.892331420498554,1753.5126358412165,159.4486429960193,99.46050733146859,1802.887821667607,2.442694098874338,8.893048885422544,0.4463956843405674,6.069376275622827,0.6045914007850235,0,6
SU0100184,537.397685413696,155.85784715466554,0.1623527894687603,-0.0650380080271431,19.530841987429866,1.5165990880287303,18.425943187858014,481.61707993678334,347.02997443562526,186.60765289791232,1683.721027922558,4.6700788919807055,8.148256424515989,0.4825039315659301,4.7771493583507585,0.5933756228579405,0,6
SU0100185,594.042746587723,189.4584623468137,-0.02624520550712672,0.12547681442511188,22.150781326319123,1.1794006581913592,23.80405371882998,656.7535823417718,163.2069745730803,412.74091023248013,1361.5451468637066,2.490580912956561,6.134657167898165,0.5608671116180061,5.0873088832013575,0.4202459898535833,3,1
SU0100186,660.5992221206454,221.03049132436462,0.072036172876765,0.04892740435416466,25.681632538098636,1.3445350028668817,25.116537599483397,878.9631699289542,241.808161692057,300.024514047355,1448.7135394659924,3.4560301548169954,6.679459621662452,0.6489529875961826,5.3787429968402884,0.6129986163508421,3,6
SU0100187,541.7995371841827,148.33761854701342,-0.046783696838309984,0.24247676385309982,19.72282805320599,1.1475413963459933,23.722372510269878,449.31844299096235,150.33486100019473,672.0413352283512,1222.4038268727309,2.3257773886718343,5.265023917954567,0.4886124378577266,4.707731863510893,0.589983048343664,2,5
SU0100188,247.7601230277309,172.96483300900675,-0.06504412277312815,-0.25020339560158533,10.26105672368758,1.1199393174255952,4.076170413274224,564.0032404759099,139.7455835326884,86.27033978123876,1562.246014469402,2.1884340828783273,7.389037590433763,0.15721329886538393,4.935059997006216,0.5195969550246243,4,4
SU0100189,172.1428583389761,234.5719259003264,0.21525092669834023,0.17881492107558863,8.673890860622254,1.6274286202245447,8.285804286664437,995.9936225128514,428.8056160461432,515.4612707497774,1557.4330305042354,5.570601787764383,7.358956440651471,0.10917398443140568,5.503740854464551,0.5536846510861693,4,5
SU0100190,789.0681917612435,289.3549330471064,0.17003530543134374,-0.11298451226757612,34.16708139948926,1.532213988244745,27.414021141810977,1651.4849819436492,357.8597757154877,152.81548280929198,1532.2151765143876,4.791216527127716,7.201344853214922,0.7905355547931828,6.009430151204059,0.5851612915433143,4,5
SU0100191,224.26894559489875,210.5084428753503,0.34094877389690836,0.07679233989609496,9.739143840775178,1.9243694683905694,8.612553549180978,797.607319708356,708.957155754926,336.9612986311066,1735.746093030681,8.469706979707592,8.473413081441755,0.14068442487672253,5.281616395772464,0.5646331784102965,0,5
SU0100192,536.8207016829122,204.7826403552634,-0.12237399719766488,-0.11565302246812663,19.50581586143293,1.0375214736506344,17.559921357644473,756.5456189458787,111.10814554662325,151.12577035376964,1702.6087291470985,1.8077566849541025,8.266304557169367,0.48170359207660657,5.228762834048585,0.6597873874293215,0,7
SU0100193,371.60086319427694,242.91992229600118,-0.013043996340903136,0.04077702893885166,13.511720226931653,1.2003437869380138,13.741872939869408,1075.7778741340126,172.05668984575598,290.00677571591615,1573.6349823096102,2.602623597455573,7.460218639435063,0.2706936149979527,5.580799282732318,0.6295480374499455,4,6
SU0100194,564.889276335374,271.66052969462584,0.04641192596398871,0.0749021126963439,20.761229494418394,1.2993739453261248,21.827395957981388,1402.620002731126,218.2514206236087,334.3178329765792,1366.6779853540406,3.173091724121703,6.166737408462754,0.5206677672192529,5.8460971971811615,0.7226927208563868,3,1
SU0100195,634.568486176894,226.34483264743145,-0.2412278716817312,-0.09872424276949211,24.238201654592533,0.8854695920243661,21.643370416276564,923.1562039260804,69.0677918792902,162.17061960883262,1698.0613900669969,1.2164138884152738,8.23788368791873,0.6153423172247869,5.42779845520706,0.5729512894634085,0,5
SU0100196,205.51964773079334,247.48884538394822,-0.0815674206529085,0.16935803830520543,9.34169866920058,1.0955356690485085,9.426175827950942,1122.1187938955052,130.80796313256585,495.5451615158597,1485.946291423408,2.0711595050566007,6.9121643213963,0.12855681378007353,5.6229739573902915,0.5663765348816424,3,5
SU0100197,762.2118241464967,121.66295689444695,-0.14892702117509093,-0.023579810447772877,32.18761758156119,1.001431662284571,27.859685209345322,351.2521063961017,99.9122114878361,221.7943918323238,1632.3476479393955,1.6546286385760536,7.827172799621222,0.764759782150885,4.461504217487203,0.44352981979092077,4,2
SU0100198,249.75377201996258,233.5418602578465,-0.09044674688505056,-0.047067121550433966,10.30661745238126,1.0826419863219565,7.539305774935758,986.5682985124485,126.24355438296567,201.1170332400078,1202.9103356895735,2.010756146700139,5.143189598059834,0.15868639364747014,5.494232556226275,0.49568165485184146,2,3
SU0100199,548.6378866063928,240.474560745488,-0.11568452493519582,0.1988851344278996,20.024831558280603,1.0468168275281775,23.26178116404694,1051.7668198289332,114.12129799843791,560.4208728528725,1390.4710361312318,1.848519256827114,6.315443975820199,0.4981081848699421,5.558226714573736,0.49535265587318605,3,3
SU0100200,826.7243593416044,193.74490990365462,-0.08280370935173649,-0.01861597574167121,37.14922913046531,1.0937312921218671,30.45123660092343,683.2604309910237,130.16269429853,226.42945385722132,1716.4917724067295,2.062641897182687,8.353073577542059,0.8230802626386513,5.12687609141835,0.6672962255700546,0,7
SU0100201,402.97722773135393,177.24180234485797,0.013523524150135961,-0.1183488132619917,14.487449578169814,1.2436260740026346,12.309967524075013,586.7153119085617,191.3480644526514,149.43775397270772,1491.090391576001,2.843621494172864,6.944314947350006,0.30644480261217943,4.974539713952535,0.5504258288361361,3,5
SU0100202,755.2377062086124,258.4826268402281,-0.049381409753851205,-0.0256743772632974,31.692618268515794,1.1435736275868778,27.553560064835526,1241.9711294162314,148.78084153499987,219.86713411518718,1606.2867683289016,2.3057253232733994,7.664292302055635,0.7577180975125558,5.72445501698672,0.5031849240858391,4,3
SU0100203,655.9552273127325,174.28607832100104,-0.1454097866607931,-0.11482040554555759,25.417961268972835,1.0061390516605133,22.206807636402527,570.9240037714654,101.32780480018126,151.6509719925052,1731.5293913649764,1.6741418592025648,8.447058696031101,0.6430530725663299,4.947256107578471,0.5374862816685362,0,4
SU0100204,845.263736901696,146.61364305353084,0.04368078016972401,0.287121206762189,38.71169061757658,1.294650843949803,36.26783210332466,442.22475290308375,215.88009130181408,809.4365282913549,1330.8181208538754,3.144335564446592,5.94261325533672,0.8375831132763977,4.691818243571054,0.39817484000801795,2,1
SU0100205,781.586223631702,126.25740814945021,-0.0031059546159350666,-0.07031018525419018,33.603695717570716,1.2163550552854334,27.83429449810746,366.469220950326,179.03408049344125,182.5530644327969,1542.9060449528506,2.690284144462155,7.268162780955316,0.7835694743300505,4.503914536764156,0.47395710342514064,4,3
SU0100206,517.6107841810049,209.23799622617472,-0.1512463329411393,-0.08401008355750667,18.69066057943085,0.9983396027324536,17.340251325525077,788.3082518635802,98.98958753959522,172.4242457905083,1444.418746624235,1.6418859602174976,6.652617166401468,0.4551359650256456,5.269889195933921,0.43569476526189777,3,2
SU0100207,473.93902309622564,187.72177509368862,-0.05993234123826427,-0.03256517915180695,16.962000999757155,1.1275985695551667,16.49932013454533,646.3091333647246,142.63239199812875,213.64414424228212,1496.8157326549463,2.226042909574084,6.980098329093415,0.39590409214540134,5.071277923941741,0.4975405230054149,3,3
SU0100208,674.3912618560379,273.33857811211544,-0.06965705882931726,0.05822378777732485,26.48093463545395,1.1130721795751013,25.807834424023554,1424.5152720653152,137.19067749317642,311.8739549813146,1461.6612551304565,2.1550411185391236,6.760382844565353,0.6662032581202015,5.861586874881065,0.5792389876030805,3,5
SU0100209,831.8403156165857,213.0628702961764,-0.2660121808214521,0.05447947577363507,37.57398086116924,0.856686783148702,31.8684479813167,816.6378477763257,62.54906424656907,307.04607437490006,1697.2581989294415,1.1199597314466616,8.232863743309009,0.8271811144755918,5.305195725810859,0.5322723064001518,0,4
SU0100210,729.2142651012098,135.1424898251235,-0.22283087392834106,0.016940282259916818,29.911826055415407,0.9074581479169457,27.251781680490108,397.7925647455154,74.3420324400819,262.58753928165424,1218.9637246805896,1.2933431048550958,5.243523279253686,0.7301994642699992,4.585930675308832,0.5308183189685127,2,4
SU0100211,781.6316072761905,55.86541112649175,-0.19192451938708469,-0.1238438694193893,33.60708490664968,0.9456343005103884,26.943831348195367,191.35727998809912,84.12484306384589,146.05508972459097,1489.8688224462464,1.4336900885406614,6.93668014028904,0.7836122298147917,3.8541422565522314,0.5207426571483033,3,4
SU0100212,801.8445487052957,242.03264139096035,0.07429094191028969,0.017475637721266177,35.151052210673484,1.3485832395622532,30.08521530056038,1067.0029301495579,243.99891233532577,263.1739333629803,1562.9167643175724,3.482103179067344,7.393229776984827,0.8020468096113663,5.572608997455019,0.4810414115749301,4,3
SU0100213,704.2978636401901,107.71712346665193,0.12530654908533462,0.14233710025425972,28.30063213774865,1.4435067536609223,28.372757479133945,308.8245904864633,299.23409585469074,442.7792111276207,1533.738336334094,4.127568517642296,7.210864602088087,0.7020774879378704,4.332773447384479,0.535902955283042,4,4
SU0100214,622.0557834957413,354.00130594345626,0.04533873277281918,-0.013602479740776843,23.573517999596113,1.297515969260115,22.5754613624881,108.10348663735579,217.3165249523208,231.20921680567872,1491.8995019108813,3.1617608684229546,6.949371886943009,0.598762116636262,3.283088977939596,0.6065226010318262,3,6
SU0100215,536.5415941183489,105.88655431767472,-0.02121040062380671,0.008106658089698937,19.49372134421115,1.1873446957349936,19.611728517208554,303.6500496971003,166.52715638041258,253.09824715931998,1518.389425852962,2.5327322597583506,7.114933911581013,0.481316472817446,4.315875886009305,0.5629535493828055,4,5
SU0100216,737.0864280853395,109.4077540527804,0.026355068424727488,0.1547915638341889,30.43969818810286,1.2650859837747452,29.855442711666356,313.6818539155829,201.42563852544305,466.36325578433053,1222.4621604900487,2.967886929596847,5.2653885030628045,0.7387282445297774,4.348379268179512,0.5643717344624043,2,5
SU0100217,444.6318696448522,155.90382500924818,-0.1357211254821633,-0.02034608588405329,15.892520650447503,1.0192208872109894,15.563249054787807,481.82152688831746,105.33181371636303,224.8030402450367,1794.6008983083047,1.7290917115170834,8.841255614426904,0.3576959416995713,4.777573769316137,0.44884557110582296,0,2
SU0100218,339.4701995538111,95.3742529393722,0.2591127429942151,-0.05548076466255443,12.58060068086154,1.72544270360092,10.888050571605634,275.56933259730073,511.0415877783033,194.18865737766663,1495.897750344372,6.447607574473497,6.974360939652326,0.23692548539270467,4.218839257901897,0.5177773647115008,3,4
SU0100219,380.0038818874435,164.7152079700617,0.36873654086048396,0.16704851051691058,13.766400109959728,1.9970053254342275,16.17318169312687,522.6487393972238,792.3047977639933,490.7993853471871,1363.5299491532364,9.291702548886443,6.147062182207728,0.2800078081227821,4.858909612031339,0.601805928244935,3,6
SU0100220,400.3259009200523,64.53610347499564,0.1529266376496944,0.13921114159722608,14.402342845228482,1.4976574442329842,16.499526284622466,207.30256996596594,334.1889496717011,437.04948353625656,1667.368360167664,4.525623957619098,8.0460522510479,0.3033231842106746,3.9341794166922677,0.5124107800624342,0,4
SU0100221,519.9803678796425,228.734760987778,0.058724405602216076,-0.04723649655564531,18.78934035055753,1.320881355657064,18.04529491939201,943.7481423541886,229.2693750278651,200.97514915113004,1240.9485087810936,3.306029817858349,5.380928179881836,0.458402438551985,5.449859332194874,0.559110015531361,2,5
SU0100222,744.2217350625003,102.15676121277978,0.09581390725139655,0.039785003416043116,30.926204163029865,1.3878445724828046,28.216150864920177,293.3736423834317,265.9359868831944,288.810524222066,1620.0237221171733,3.741100018737693,7.750148263232334,0.7463065210098286,4.281447026579506,0.6197580399775207,4,6
SU0100223,424.99625645343644,74.8976389892785,-0.08002792885243189,0.10669527810324088,15.213967239040631,1.097786736163873,16.916997941576543,228.10917678689106,131.61595953364818,381.67278538322853,1413.2793754358447,2.0818152660188853,6.457996096474029,0.33304049517985856,4.029824359901032,0.4944765340913887,3,3
SU0100224,222.1569384535651,293.92209104581104,0.12385704621379648,0.09238751775297173,9.693541734804816,1.4407196249165233,8.79033956907706,1722.5973754064194,297.50415309016495,359.58406577219523,1654.8360618847157,4.1076735446512735,7.967725386779474,0.13927192151831322,6.051588532730563,0.5961366689234722,4,6
SU0100225,506.02080606768476,169.3553332320569,-0.06413465468881872,0.3161688905298,18.215419450152872,1.1212982065907124,23.5591795225733,545.5211288534948,140.25488595218437,913.5794792266039,1588.9459250079108,2.195078519137435,7.555912031299442,0.4392198497701387,4.901741537526679,0.5128959646918853,4,4
SU0100226,633.7894193499303,114.29352033933937,0.22567600778838404,-0.07932829149685681,24.19627533805753,1.650208005188693,21.93633922754968,328.1525688885149,447.0650148610189,175.82082770508507,1580.1736692195946,5.767584484278616,7.501085432622466,0.614317350928986,4.39347864928621,0.6352782103794508,4,7
SU0100227,619.2583379568987,186.14054946827648,0.0016203127284022737,-0.006772931626452856,23.427426711073498,1.2240443498498847,22.580497615660736,636.9441627213947,182.45092831364542,237.88311784652282,1407.7282417715996,2.733003103274277,6.423301511072498,0.5950227010312575,5.0566819950917825,0.5140413256184238,3,4
SU0100228,816.3262672571683,172.94511887546483,-0.11786944040741597,-0.061955711623381024,36.30066822343173,1.0437716569313433,29.324537421833526,563.9006144121114,113.1282621591558,189.0196922761319,1676.0593089115557,1.8351053022981108,8.100370680697223,0.8145107010945126,4.934878020388906,0.6040485306531583,0,6
SU0100229,650.8592520818063,163.26112207086356,0.08600437052594176,-0.07722733499407776,25.131742065379974,1.3698106163375912,22.635181997724505,515.6804448190549,255.7032217908512,177.36671714353554,1458.4617549846762,3.6207501751995657,6.740385968654225,0.6365287023510948,4.845487280654125,0.6275843589913397,3,6
SU0100230,707.3699822054316,116.17586001319779,-0.12832896793628637,0.01304425833760916,28.49449958320159,1.0293162114667018,26.337348058060268,333.90418896201794,108.49283438389408,258.3592546951099,1776.1811799471216,1.7722266911539337,8.72613237466951,0.7056350137506304,4.410854092429518,0.3967547868424805,0,1
SU0100231,600.0999291226908,90.55718344774537,-0.09514964902883183,-0.04373141016770897,22.45095552915092,1.0758744806832128,21.21947374086505,263.58450036126334,123.89090796303493,203.9318340044976,1432.7186650500976,1.979480632019809,6.579491656563109,0.5691374745703097,4.174374001056111,0.5072963248272634,3,3
SU0100232,551.2972708677466,145.2083881690124,-0.2193686077281229,0.09358435350273317,20.143523536552276,0.9116569810103912,21.610188647680147,436.52544203131555,75.3787623646736,361.3817237786538,1620.459546743821,1.3083558957449262,7.7528721671488805,0.501801757295235,4.678846660021653,0.6174539448018136,4,6
SU0100233,272.6677906724653,199.4296799179698,0.10139682837103851,-0.12374424821275021,10.845022310525366,1.3982140884259513,7.152454389272258,720.0717728461635,271.94159350688244,146.11572807666633,1501.4677197091407,3.811372756939373,7.009173248182129,0.17642852600397563,5.179350891550491,0.5406986683751708,4,4
SU0100234,881.5871185422875,305.0922424058173,-0.24965345899953012,0.2992712406873587,41.966020848495845,0.875577790396444,37.88290862143383,1909.692707950848,66.77883332929109,851.4693489028867,1353.5638846154682,1.1827258340691678,6.084774278846676,0.8632028635323522,6.154697622207544,0.6284538635461941,3,6
SU0100235,724.6896365554716,115.28013525528256,0.07399016907586485,-0.012904049311927675,29.61257766956104,1.3480425250530959,26.578418377513987,331.15477487432895,243.70553587221457,231.8830449279657,1588.6928007411825,3.478613855039658,7.554330004632391,0.7252187448108344,4.402585863894916,0.5684537841904501,4,5
SU0100236,765.3411073666445,184.90097030449405,-0.025181110413946682,0.13152770796686164,32.412229139052236,1.1810751717425982,30.56650486370609,629.6976136889565,163.90312602803758,423.27924568723137,1592.8633543773765,2.4994306483738233,7.580395964858603,0.7678729583199918,5.045239725887638,0.6085450715456711,4,6
SU0100237,430.3743989934526,112.05791920909918,-0.08515832148790523,-0.07449856628167063,15.396886768550019,1.090302925954006,14.106250522828645,321.45010304827827,128.94251875995266,179.39486161536908,1625.7918829844664,2.046516190791888,7.786199268652914,0.3397100331354513,4.372842331160916,0.6280787240235242,4,6
SU0100238,522.0765478841679,273.0097362235829,0.20527040906476945,0.029207869968064706,18.877068606701837,1.6059153069781382,19.400885806074275,1420.1977639630675,412.0240149066058,276.3586443413641,1368.4973165531137,5.388325651586824,6.17810822845696,0.46129501743074264,5.858551411294611,0.6760301319548433,3,0
SU0100239,539.0168768148865,188.20073776801334,-0.050940753840985294,-0.1067748391556637,19.60124450921105,1.141198464540944,17.79329789020675,649.1729173809395,147.85572757414772,156.82097009914602,1265.0176911495532,2.2937716860774007,5.531360569684708,0.48475039328866176,5.075699117858584,0.6006294658845831,2,6
SU0100240,408.98781029860834,18.869529884793565,-0.16291103739187185,-0.1508858969977644,14.682254364223445,0.9829326101032367,12.001427672760919,3773.3509711006313,94.47694631813098,130.49158768607668,1581.6221944981505,1.5792707797456844,7.510138715613441,0.313587344391016,6.8357187373980945,0.6723450783173837,4,0
SU0100241,561.6261382497798,217.19575731217282,-0.27653211261880645,-0.08130138548301201,20.611225669345735,0.8447542828054991,19.09710450721902,848.3942558609326,59.97162594933256,174.38129061808863,1328.2214833379894,1.0813673349732484,5.9263842708624335,0.5161418028961825,5.343345452112365,0.3983963320041696,2,1
SU0100242,571.0564421242997,34.21620459532181,-0.1983293949131173,-0.06446325528161016,21.047716903600506,0.9375931245499337,19.744474050140372,156.6953425803807,81.9969802484332,187.0550770172487,1366.994266247828,1.403405828501026,6.168714164048923,0.5292117540509662,3.65430342703374,0.5817126801765654,3,5
SU0100243,605.0044345424463,238.09691848580468,0.11285755990690172,0.1368975347233657,22.696984556913332,1.4197442454342961,24.42068692204012,1028.934672641097,284.6983616540413,432.85655643678916,1499.6930559985512,3.9597934561028008,6.998081599990946,0.5758060711395132,5.536279247561274,0.5742773520653336,3,5
SU0100244,642.0724663454545,189.20768533041667,-0.05957914648756108,-0.039893104120772425,24.645774866022787,1.1281297104703625,22.9157108447548,655.235044896095,142.8340424568914,207.2195238103359,1369.1906562672054,2.228665208476543,6.1824416016700345,0.625161254441337,5.084994018434616,0.5837293463927864,3,5
SU0100245,533.077268664672,136.8937062086103,-0.0993367228986889,-0.14524784733393462,19.34422509763995,1.0698848609928553,16.921096325838334,404.2751658150157,121.83322586218966,133.5933702653113,1656.614614597952,1.9520450963018725,7.9788413412371995,0.47651350340494786,4.602095749617941,0.556289413562543,4,5
SU0100246,394.6959964768114,232.55560372413117,-0.08406732146915594,-0.1687800752414679,14.223279052060768,1.0918901074343532,11.147398608962645,977.627433154681,129.50645353219812,121.11611172340416,1663.3955662750614,2.0539722374947273,8.021222289219132,0.29675467347658585,5.485128649761211,0.507032240834711,0,3
SU0100247,476.3981637624179,182.67670132269654,0.17138838341851723,0.0024044749039574035,17.05494794900183,1.5349807566220763,17.177780950271096,616.9006637810027,359.80187533920486,247.15573535040434,1308.141259816763,4.812874965053716,5.8008828738547695,0.39917612802162,5.024708012209507,0.5935101603289744,2,6
SU0100248,462.70184963288966,302.7150581494153,-0.00016795829968352556,-0.26820425974783996,16.54367924752935,1.2211292624779069,12.135000934370598,1868.2442833641737,181.1504980653962,80.03645761485534,1557.1783955449077,2.716760394414682,7.357364972155674,0.3810745687989974,6.13275438291768,0.7055678233808184,4,0
SU0100249,833.6656519381702,299.0120287691767,-0.15296402780721952,0.10945828751721345,37.72670184196648,0.9960557619448439,32.85574681177128,1805.4634074653395,98.31178310320632,386.0921988195094,1384.4808736421262,1.6325119583361856,6.278005460263288,0.8286259551086331,6.098572573253939,0.567943151953354,3,5
SU0100250,320.8685628268481,138.11037528262344,-0.10143700460454229,0.10782663361711393,12.071158695886313,1.0668929726857146,12.886443559107104,408.8410873561921,120.81397689511927,383.47623112435684,1628.1150594671449,1.9384266741143974,7.800719121669656,0.21875226391253835,4.6133265410703705,0.5721455783464657,4,5
SU0100251,306.9241447500306,159.7434367932682,-0.1119174724414089,0.10436109080333893,11.702838658699953,1.052087939404262,12.286401587001283,499.20475369204877,115.85392267279941,377.9787126704825,1688.5095764507496,1.8718771642761542,8.178184852817184,0.2058014836460958,4.813016339630168,0.6345108468824707,0,7
SU0100252,414.0605045049363,1.930347051183844,-0.26504428471950814,0.170595237369865,14.848698706738535,0.8577930752430272,17.556718020245274,116.3124525705455,62.79169761313387,498.1062905256271,1435.7992097088281,1.1235789154921665,6.5987450606801765,0.3196850806458242,3.3562801266263125,0.48994203053879104,3,3
SU0100253,845.678852818522,262.2353964567412,0.0036673082879679973,-0.03520837092767686,38.747417847072846,1.22738973089174,30.91181587192569,1285.7480490532514,183.95096603455684,211.30412669675698,1478.8638059498999,2.7517150200823552,6.867898787186875,0.8378965990244057,5.759095967292996,0.5681730238709973,3,5
SU0100254,838.0085106375295,207.46038257541974,0.1089043549558712,0.14031241308842055,38.09255714513414,1.4122805464287418,33.5388711873776,775.4786522722458,280.2318846289226,439.0595506395788,1312.851839836093,3.9079561616268284,5.830323998975581,0.8320249932467033,5.253480454542336,0.6103889513979235,2,6
SU0100255,496.97762416090995,16.4538122747702,-0.3192254312978718,-0.12217411338224227,17.85301672477912,0.7980101930269606,15.90178349433135,132.9991693264342,50.55684136114777,147.07478431322005,1584.995716574813,0.9379254872857821,7.531223228592581,0.42688573001992214,3.4903428825363405,0.5591039652272237,4,5
SU0100256,583.1860072916195,306.811326374635,-0.19036344222897184,-0.0032920025020468312,21.622764740412798,0.9476046278296262,21.235700241862197,1940.2383194929962,84.65178803892941,241.35848620866489,1548.7096836502105,1.441169868682939,7.304435522813815,0.5459615602231405,6.170566089612015,0.4910981506769332,4,3
SU0100257,555.0988141149294,76.00329328451758,0.21148593259125417,-0.08179374630365205,20.31441429842001,1.6192794129299206,18.835058110519718,230.44918890566126,422.3961975608953,174.02391350963788,1825.0240263645605,5.501127705790127,9.031400164778503,0.5070812127773252,4.040030399549393,0.5474020540866037,1,4
SU0100258,735.049641771853,176.53531351557496,-0.004611574839079473,-0.07008351998664093,30.302233605746395,1.2139156795938966,26.02831629135027,582.9015351005336,177.95909146417077,182.7255560371398,1519.0598286986044,2.6768161481640838,7.119123929366277,0.7365383649108258,4.9680182786053075,0.5754398955531238,4,5
SU0100259,408.83346839526763,171.87211296910752,-0.09151482990856706,0.27595968835378065,14.67721947863504,1.0811012816145265,19.10951857682342,558.3429338978058,125.70535050540065,772.6545355674913,1485.643076814141,2.003610026981419,6.910269230088382,0.31340280643025764,4.92497335048407,0.6736185721357248,3,0
SU0100260,514.7879804546161,196.85369669976902,-0.19820461074679038,-0.05364871102414375,18.57378295150559,0.937749133229717,17.736498500610452,703.1516486107193,82.03791816367705,195.67667975482033,1533.6855473262794,1.4039896926753745,7.210534670789246,0.451249783065684,5.155572584920945,0.6768803064767894,4,0
SU0100261,589.9568999817288,269.941823477545,0.09610936653043803,0.1952881607357623,21.950570082910684,1.3883914155980575,24.80868212266327,1380.543052040881,266.250465697781,552.0842545767456,1490.553245231191,3.7447863094022282,6.9409577826949445,0.555268926328959,5.8302322167158,0.7412178168521444,3,1
SU0100262,462.6286834754579,130.1799807771515,-0.18150792745335512,0.27972296058696844,16.54098960521321,0.958859645432103,21.26427592271728,379.9816262133874,87.70406856827177,784.8654766551216,1631.1116116188637,1.484344966817713,7.819447572617897,0.38097870270397494,4.540122899481399,0.5232703413295754,4,4
SU0100263,774.8240854372291,224.6999920326558,0.2949191207063385,-0.18573993992878934,33.10250895481084,1.8098165639811337,25.647493212634643,909.2456603452034,589.7368867818219,112.85271750207862,1457.5423826697192,7.26496686198079,6.734639891685745,0.7771306394785207,5.412615311070669,0.512998289284574,3,4
SU0100264,194.7371182464517,248.92126831068012,-0.04055948337050376,0.08875574459838746,9.12052099807587,1.1571044131174335,7.663483675112914,1137.054383006883,154.12470793856127,354.18366366134103,1877.563509492738,2.3745352214364686,9.359771934329611,0.12199388086212742,5.636196322867816,0.5217405046537914,1,4
SU0100265,474.1924631217121,187.71317103205973,0.14808710294751143,-0.06800556303721798,16.971556690311036,1.4880246030718387,15.918503070779616,646.257804169721,327.7818880688355,184.3144907275662,1399.046144458859,4.453203284767432,6.3690384028678695,0.3962408844573725,5.071198501834398,0.6345751416193093,3,7
SU0100266,618.1550782908464,47.09266290468665,-0.1838087699203662,0.18014830365926524,23.370060317684384,0.9559225729068958,25.65294699452067,176.47214446622843,86.90059857336219,518.3330202437049,1564.30852529261,1.4730043641887005,7.401928283078813,0.5935448825157095,3.7731630421971074,0.48902432551702013,4,3
SU0100267,519.3262616977032,180.86038373210857,0.11036000404202456,-0.16299160738305474,18.762048582427873,1.4150242546674505,16.090605609637546,606.6439245417623,281.86832130783,124.07277673204206,1365.4481378127266,3.9269642823075444,6.159050861329542,0.45750038307815727,5.007942003681002,0.5718364603890711,3,5
SU0100268,532.0297755108189,217.17084687138615,-0.18442610960393965,0.04285544115255853,19.29924870211931,0.9551360580642801,20.01541528907449,848.1991963661111,86.6862745516148,292.52915535610106,1674.6533791003956,1.4699763339689533,8.091583619377472,0.47506206435243564,5.3431155095820255,0.5889454837719427,0,5
SU0100269,575.0401131570866,173.7675658332119,-0.12522767291572526,-0.008639831092774617,21.234871149371127,1.0335813079259424,20.829784993451565,568.1979368924613,109.84709005782986,236.03986347241164,1701.5529364608649,1.7906423739694448,8.259705852880407,0.5347219578281582,4.9424698384604175,0.5404777194719901,0,4
SU0100270,389.8352819172862,148.0039392302499,0.03012754459138952,-0.04482167966170163,14.070471819110884,1.2714653566427576,13.024344080199434,447.93661890181534,204.48818083107278,203.00751567978446,1577.6485252901025,3.005443512581769,7.485303283063141,0.29115027880771194,4.704651746740768,0.5918275008599225,4,6
SU0100271,710.0169724728366,272.5313656972271,0.14937880865585412,-0.11210868769775519,28.662603872452948,1.4905895977485755,24.35440413453662,1413.9403826369726,329.47986179976436,153.3741663930275,1355.4344885477965,4.472418716564029,6.0964655534237275,0.7086802921349922,5.8541356833590195,0.5439382818832141,3,4
SU0100272,468.78843569690537,106.00876274753873,-0.06625376912594913,-0.05694155203428468,16.768965008822583,1.1181344659572363,15.89274663208602,303.99278386047985,139.0710458111228,193.01029572172635,1392.504361638207,2.1796277447119072,6.328152260238794,0.38908135070352395,4.317003963823434,0.5247368411075995,3,4
SU0100273,762.1211530572996,192.95047268120055,0.3707713614083204,0.02046098232235792,32.18113270969516,2.0024307452371466,28.590172324267616,678.2682269999312,798.7799057131333,266.46798178968817,1453.5894761700397,9.354939925205127,6.709934226062749,0.7646691482115611,5.119542824749543,0.5503306306123893,3,5
SU0100274,596.1685561198371,208.29150721611913,0.31150669887885357,-0.10143845579730823,22.255669638757414,1.8502897809439414,20.10480291914964,781.4509424405489,630.1934246486527,160.3469279434368,1637.4473693084376,7.6779736364875175,7.859046058177736,0.5637737477090969,5.261152374302638,0.56662004780913,4,5
SU0100275,267.20240633728883,230.0954208361596,0.1901435341205857,-0.10286116845329157,10.714102913960385,1.5738497880166735,7.287962994450818,955.6763113430881,387.8327292477477,159.3992080637414,1498.5705811372848,5.1233666941271485,6.991066132108029,0.1720599561561915,5.462419269256858,0.41197165903938376,3,1
SU0100276,323.4148372568194,248.12192254512144,-0.06996247590111518,-0.1330563569925647,12.139655599093512,1.112619003525451,8.970748832333566,1128.695417045725,137.02317832822592,140.5549495804794,1536.7136583133488,2.1528482804520706,7.22946036445843,0.22117942196186163,5.628817746570352,0.5082070054855182,4,3
SU0100277,465.25210160040353,228.0561916688687,-0.17426000384015197,-0.10864382552181986,16.63770219957052,0.9681708863632724,14.893517970207585,937.8552462524684,90.28397535878058,155.60447853039173,1524.652798743819,1.520643074221459,7.154079992148868,0.38442178667941335,5.443595615404942,0.6275527832598564,4,6
SU0100278,772.868854268173,136.7709881764945,0.14060654503794717,-0.09409707521644906,32.958991952097264,1.4732567013109716,27.098837523488132,403.817469534832,318.1192079021815,165.32758234774306,1792.1934955050879,4.343534786110111,8.8262093469068,0.7752436257834241,4.600962967783026,0.4592983179664218,0,2
SU0100279,789.1261859425116,137.32840305678295,0.30198696821919,0.07095848746229812,34.17148499860238,1.8269525233965695,30.481993133247084,405.90061374720665,606.6474850641595,328.86928586815156,1337.4373552946845,7.438157924507224,5.983983470591778,0.7905889009312427,4.606108335908766,0.5082209216365995,2,3
SU0100280,690.6126169402735,248.4218871450115,-0.01060733875866939,0.005358993715615969,27.452918478112114,1.204249897791591,25.557584998493123,1131.8249970534216,173.74186183101847,250.21714990846198,1621.3364852230504,2.623848686301691,7.758353032644066,0.6859346348552743,5.631586650569337,0.5605438741608656,4,5
SU0100281,317.16912531909236,127.15668839838825,0.03526799147274976,0.14585788997972324,11.972328830750547,1.2802098228901118,13.376430817626757,369.52396094067427,208.73634864729658,449.32264177368785,1758.5571878659275,3.0573849881754476,8.615982424162048,0.21526016783440072,4.512215585215891,0.6123623536617161,0,6
SU0100282,601.7123369865454,228.672902588861,-0.10001262753102834,-0.018387715230985698,22.531544483769498,1.0689211084831205,21.704573406738117,943.2094154149116,121.50428016746551,226.64491006116026,1368.1390845856838,1.9476520592066073,6.175869278660524,0.5713327373841137,5.449288331589486,0.45010059114338313,3,2
SU0100283,610.038822094517,192.05836492800833,0.10314787267635192,0.06553341970709366,22.952333402609295,1.4014823486098114,23.42706674323833,672.7057307014136,273.85300674592054,321.51876707131703,1538.8230834118178,3.8336840823338205,7.242644271323862,0.5826226546438568,5.111307983950846,0.5945293332542044,4,6
SU0100284,542.3170426790542,206.83794068945605,-0.10892166040295394,0.04436471107669561,19.745522593297125,1.0562988207639734,20.44063017768592,771.0358242448103,117.25058051343262,294.37455786347186,1606.9468296457615,1.8906634489345473,7.668417685286009,0.48933084569091656,5.24773483713344,0.4964254857542238,4,3
SU0100285,559.3297778187124,139.46583687409162,-0.07897600447741723,-0.13499152261225855,20.506314017943826,1.0993275346153693,18.11296598274562,413.98862360069705,132.1709264251526,139.4261851417001,1702.5239880266488,2.089127786299187,8.265774925166555,0.5129551244778017,4.625838494222384,0.6352548139776039,0,7
SU0100286,646.7380937609207,308.1927368763479,-0.028386854485258753,0.3638114898132761,24.902633020887812,1.176037645785367,29.82556180981263,1965.1376469064621,161.81481790739664,1114.1880446631571,1463.5952935418848,2.4728643922537294,6.772470584636779,0.6312152651681366,6.183317571166288,0.5704154681404814,3,5
SU0100287,478.39997549076253,204.20116140391983,0.12534223918293666,-0.01366996716637007,17.13098538170586,1.4435754471579307,16.987721816312376,752.4957404204531,299.276817680458,231.14421046752202,1784.2751755388194,4.128059591263338,8.77671984711762,0.40184633682315957,5.223395336036183,0.5691319427706769,0,5
SU0100288,598.6873694998359,120.91514985660837,0.06277486118255766,-0.016083266497123872,22.380591993749075,1.3280342148412998,21.625343261152665,348.8358205496196,233.01421137471522,228.8316063473611,1402.6816433060342,3.350968931414609,6.391760270662713,0.5672120626650407,4.454601383291769,0.48788204734813095,3,3
SU0100289,1030.9174083562034,162.8739787383627,-0.21854781311719015,-0.0837865751679087,58.481200984580035,0.9126552380027737,37.30590073883165,513.8408822347701,75.62665100102681,172.58489669104878,1491.7491456838059,1.311940435354914,6.948432160523787,0.9353397612584843,4.841913649892579,0.5937333626093189,3,6
SU0100290,649.8633739105564,223.97994586547415,-0.09672904599559944,0.040852853220185455,25.07618544468695,1.073611220721672,24.564456539080286,903.2223257816801,123.11068342959008,290.0984133381916,1359.8304857423075,1.9690867305010347,6.123940535889422,0.6352477030643945,5.405968731065915,0.5004285613588791,3,3
SU0100291,384.8123845899533,102.75472445111248,0.1596314233287013,0.08263340411746652,13.914290564900064,1.5111060978055475,14.953260580455957,294.9974426269448,343.2728779172362,345.26279458063516,1656.2664591965008,4.627907140563185,7.97666536997813,0.2854249364280433,4.286966687241039,0.5531450452819437,4,5
SU0100292,689.8253857957263,65.51618869823459,0.12946312770680327,0.021254379600603623,27.404934256798715,1.4515290290224254,25.791893552066085,209.18653318842672,304.250845499626,267.3503351522485,1600.3375360238665,4.185155078388188,7.627109600149166,0.6849916924800261,3.9432263572144732,0.5804018639238891,4,5
SU0100293,372.3300721833604,82.62741459958197,-0.10680812492744449,0.06779007375274947,13.533633238647683,1.0592797189879288,14.220448480787617,244.97989225924863,118.24603548903443,324.5561772698836,1610.4146264280632,1.9040304271900335,7.690091415175395,0.27149413201829997,4.101176134765372,0.440564617809451,4,2
SU0100294,373.4021138557214,132.98968041384543,-0.05359575904002235,-0.16344609970231827,13.565913048850076,1.137165756184766,10.408202766017194,389.9656227468155,146.2938051767219,123.83804021434979,1272.4717174175787,2.27356132981666,5.577948233859868,0.27267369959531257,4.566058588435497,0.4842531762873957,2,3
SU0100295,565.525690520501,103.2613679160231,-0.017370526495764916,0.12702633793701784,20.790611913176534,1.1934392896419654,22.72088248585867,296.3802908632881,169.10467366939326,415.4143301468129,1291.7152420138384,2.5653585258482487,5.69822026258649,0.5215501001456957,4.291643396147906,0.5334843393271569,2,4
SU0100296,734.4562120751391,152.81255462635238,-0.08605045362876283,0.13961949771677684,30.26229939769832,1.0890067712896412,29.500288764868355,468.26714971628,128.48320372555196,437.7937491644515,1451.0076673645524,2.040439354603005,6.693797921028452,0.7358981173392963,4.749038965781715,0.6383596020164455,3,7
SU0100297,627.2137704028958,157.7150975608606,0.07195357958962956,0.038453941661524535,23.845276715693593,1.3443869449320185,23.643656765582467,489.94503348642655,241.72828796312996,287.2131884547013,1663.3412513603957,3.4550788028120683,8.020882821002473,0.6056265863433723,4.794293208254098,0.5061323569707986,0,3
SU0100298,557.4170920206916,176.00148082569856,0.10562222124596772,-0.12302150333330109,20.419338688101227,1.406113658518642,18.238084078582986,580.0362445765431,276.57689539236515,146.5564095954219,1662.716327718057,3.865434407047442,8.016977048237855,0.5103000593298034,4.963090592237218,0.5873063017736334,0,5
SU0100299,312.95348674606964,258.53708365623254,0.33511396211965966,0.12022007634592893,11.860694743297874,1.909456441891952,12.785192423668192,1242.595598294506,692.6022277586287,403.79890121968623,1728.317562756235,8.306568109878432,8.42698476722647,0.2113303360056671,5.724957695288301,0.5568297105282071,0,5
SU0100300,250.92911444706817,60.13217067411088,0.03826230658016377,-0.0710374569275976,10.33357220439901,1.2853311748663472,7.185507946370469,199.04436295459277,211.25147032272906,182.00071144998563,1353.6677954676238,3.088053700080842,6.085423721672648,0.15956008279978406,3.8935277292994854,0.544980265282506,3,4
SU0100301,660.8053518150318,85.57075946046044,-0.06733164304205771,0.18118448197443782,25.6933991151971,1.1165286761588413,27.328838381269648,251.72707677531855,138.47273233986533,520.5757140557262,1327.95385916458,2.171810583335637,5.924711619778625,0.6492138265504919,4.128345471942712,0.6195808949731966,2,6
SU0100302,462.7484629211811,215.47659439024693,0.16459912608043006,0.08895381203820259,16.545393014710772,1.5211482867245412,18.089448203127088,835.0371842622832,350.1622100204826,354.4760853576362,1645.4655363542201,4.705178701947625,7.909159602213877,0.38113564878142747,5.327476255909971,0.45787251732736356,4,2
SU0100303,750.4587472134338,124.5749475487367,0.03893126483573076,0.030989542439667228,31.357826426369932,1.286478130167872,28.312110321183546,360.82177242235537,211.81750094700388,278.4178641197961,1577.619609419133,3.0949473131777583,7.485122558869581,0.7528107641674825,4.488384131219108,0.5769565340848153,4,5
SU0100304,398.1142038655498,92.25861820077844,0.13085230199426529,0.022300149302269864,14.331730692030856,1.4542200895606265,14.464999305364769,267.75691963157203,305.94618117689447,268.5178222280966,1683.900294553251,4.204579716772593,8.149376840957817,0.30073296574764485,4.190079552622571,0.5464213652649706,0,4
SU0100305,297.0704150781471,242.7984292652669,-0.05555559144916605,0.04104041489052254,11.449364837214434,1.1341980962128582,10.847856390103319,1074.5720933310656,145.15144333997702,290.3252158795633,1396.406491443277,2.258757074969802,6.352540571520481,0.19699788412988717,5.579677808602463,0.6815441368186953,3,0
SU0100306,392.21833164702457,158.06706598309864,0.016117305404597455,-0.13106187925043497,14.145181984703449,1.247934445020897,11.679681576543704,491.53942378799945,193.34365891329213,141.72787368011976,1552.8831245740153,2.8683138584293966,7.330519528587595,0.2938901371431728,4.797542147536295,0.6789528381973993,4,0
SU0100307,461.7168110751321,205.68428323706215,-0.4124153079057833,-0.0046715040581808785,16.50750516083836,0.7047676695586015,16.488906474174346,762.8685160129753,34.82511313654427,239.97515562575273,1449.9132342518071,0.6874833327422543,6.686957714073794,0.3797847004530198,5.237085691419035,0.48452019180716926,3,3
SU0100308,744.6610845331357,158.79416069445116,-0.02662162306403812,-0.045263144974688536,30.956413155252775,1.1788088772224443,26.815767537821586,494.8495569525824,162.96142359630858,202.63443900896252,1193.3094605175877,2.4874578780330956,5.083184128234923,0.7467683730977243,4.804253791025703,0.45944108479384316,2,2
SU0100309,722.9968275016389,42.853207952801824,-0.11494730244235583,-0.04796640675477166,29.501390400283515,1.0478463159681572,25.928214290261987,169.69956550607887,114.45832583439545,200.36485345233527,1778.9794987666505,1.8530674094542765,8.743621867291566,0.723340685838764,3.7340296118720167,0.6114883012397095,0,6
SU0100310,449.7093051304421,264.79339031251084,-0.11107737307516795,0.12109197644808066,16.07285443700944,1.0532670775579482,18.118005918096316,1316.4687194534763,116.24389276113273,405.26853706600707,1282.5796406523175,1.8771263866911891,5.641122754076984,0.3642023975887553,5.782708218269331,0.6358606265431326,2,7
SU0100311,476.8959438152226,113.14722433881747,-0.032571541961447105,0.03328130156642578,17.07382419374301,1.1694941178305107,17.711752841143532,324.6986285760906,159.12878328586964,281.08920932559414,1420.840251115886,2.438609972230815,6.505251569474288,0.39983956176479396,4.382897455435238,0.5943162804796259,3,6
SU0100312,445.06110094046784,220.32420560553825,0.06633330930548993,-0.007310766564952203,15.907686920738321,1.33435017414733,15.797196704935658,873.2513558717665,236.35460413875865,237.35062367323965,1429.378830021448,3.390953095587835,6.55861768763405,0.35824399241118077,5.372223436358815,0.5621232636612213,3,5
SU0100313,649.0456737460659,314.0169449275545,0.14091306326972713,0.11711879397790095,25.030660594715112,1.4738589310842511,25.803756100867574,2073.6787681894357,318.5094844554546,398.61457592420766,1994.1619511776453,4.347974962723361,10.088512194860284,0.6341944593300775,6.237079491638965,0.5912766781414276,2,6
SU0100314,637.2358320361064,225.7609798309075,-0.15134489663823797,-0.053268196370250744,24.382298666254485,0.998208411296844,22.504701306344405,918.1943189102163,98.95056811300982,195.98716684192627,1419.0129173292266,1.6413466143207136,6.493830733307666,0.6188437711812216,5.4224090445929924,0.601809118177565,3,6
SU0100315,518.6485788001843,188.9845226558297,0.16311819302226968,0.10357808864449665,18.733814915075005,1.5181476251731874,20.507079541859888,653.8866741228629,348.09407443870845,376.7475631306598,1474.1246395134006,4.682009087796632,6.838278996958753,0.4565661076628427,5.082934055284582,0.49640039224974225,3,3
SU0100316,754.349451697574,230.30292675914126,-0.24093852274430733,-0.037578472668993695,31.63012194475687,0.8858112708438283,27.320615243755757,957.5086055614177,69.14777692630015,209.22767864676456,1526.482473922682,1.2175876812707411,7.165515462016763,0.7568110180262907,5.46433470854592,0.6123063773696825,4,6
SU0100317,713.8182690891588,198.45389007640577,0.08778712970382839,0.007696416285378435,28.905751754871233,1.373070545846481,26.498984069334703,713.6149996296574,257.5331678041565,252.66598553252788,1392.1837298911103,3.6423306516989276,6.3261483118194395,0.7130209313072635,5.170343600705284,0.5290988487166998,3,4
SU0100318,553.4184135952195,177.74584874879164,-0.2828359356665206,-0.047698000191531746,20.238697197923376,0.8376837964700564,19.337971636621894,589.4515038366495,58.47832994571414,200.5890589740752,1508.9929044942644,1.0588819081322325,7.056205653089152,0.5047476539680994,4.9791924499888465,0.5274904006475439,4,4
SU0100319,505.5717168079146,211.71943910229817,-0.16184357805729507,-0.19536506567414533,18.197249964156946,0.9843325936037619,15.016149003516478,806.5733342798615,94.8812099669459,108.41634838831354,1444.292833466132,1.5849001467925576,6.651830209163325,0.438605425054052,5.292794822482753,0.6111291524401432,3,6
SU0100320,853.7595471075949,230.8383355411581,-0.2202395639803271,-0.02788406872521254,39.44949380068202,0.9105989110211099,31.348136797652927,962.2525512100606,75.11661285386792,217.85209741503408,1541.0615009730448,1.3045630016586323,7.256634381081529,0.8439020896453115,5.469276943456844,0.5642072893538874,4,5
SU0100321,647.0748195297174,120.39181848005055,0.009741463132611391,0.05043873957313548,24.92127412383775,1.2373705668055237,24.61577753015238,347.1547451994883,188.47509054957112,301.9197987002887,1632.1073525285856,2.8079973537752,7.82567095330366,0.6316506242012223,4.449770632123544,0.4855425466709767,4,3
SU0100322,487.87176389627837,4.251850795232883,-0.09321929513666612,-0.06292978715652517,17.49538712110235,1.0786471386149747,16.535072143357628,118.83184088751126,124.85122387653368,188.2540825908591,1336.866478693209,1.992258692037152,5.980415491832557,0.41455735875027233,3.377709391955996,0.5632489720186121,2,5
SU0100323,539.9298222318517,33.15109795745525,0.03232619539526347,-0.11139889569468328,19.64105124451274,1.2751981698426103,17.751733714105068,155.16230117666362,206.29450455143933,153.82843679330148,1577.7102334704823,3.027550826719606,7.485688959190515,0.48601728882903183,3.6444716734534333,0.4474519001817068,4,2
SU0100324,555.4011769355692,161.5943836223771,0.04546528274254955,0.01496367331816162,20.328068493167052,1.2977349218740728,20.459440325019273,507.8072785514229,217.42655839804812,260.4337834904171,1459.1737319965673,3.1630948855768684,6.744835824978545,0.507501071815538,4.830102002668096,0.4270982148764605,3,1
SU0100325,284.10256657701433,142.04734895900577,-0.0012419825894380454,-0.07298975366389404,11.12413213436956,1.2193818173237851,8.443048361374546,423.97217858940155,180.37392723157402,180.52621928137597,1600.0339088927144,2.7070515618110935,7.625211930579465,0.18584951036295602,4.649667836544668,0.5276623264630653,4,4
SU0100326,376.2977095396882,161.9237409557859,0.033878975447482855,0.03898616625895013,13.653486497627824,1.2778410411381298,13.894680364192597,509.35347437538974,207.57981198507903,287.8508198815805,1800.5406611189007,3.043261853027498,8.87837913199313,0.2758756872144576,4.833142224207254,0.4964872527997265,0,3
SU0100327,536.7738409137279,207.6980565432627,-0.003513443880122298,-0.06007417751863838,19.50378472822454,1.2156943659489357,18.48441307688989,777.1818530491431,178.7425003266725,190.50737867250987,1252.118851784921,2.686632418733711,5.450742823655757,0.48163859513516305,5.255674368091656,0.5091332352757588,2,3
SU0100328,356.7335657107958,67.7705657269544,-0.11935182625058796,-0.12565100649197453,13.072607820238018,1.0417106646225296,10.389899669442485,213.58523738376925,112.45944806269827,144.95946326080582,1593.4058472468716,1.8260598882893369,7.5837865452929485,0.25469962550472586,3.964035991325733,0.5980873469931436,4,6
SU0100329,387.30172787544257,163.08513901339714,-0.2787363993168803,-0.05932079402192329,13.991475959760923,0.8422751535595016,12.684165072568488,514.8434231212486,59.44517164304686,191.10633959204276,1563.8371041123753,1.0734509750261294,7.398981900702346,0.288253955010644,4.843862821662127,0.6159950311691282,4,6
SU0100330,421.6515252955635,248.37056593428878,-0.22735378822702074,-0.1497153358972551,15.101305051281937,0.9020021419069139,12.513414829873218,1131.2889397684878,73.00915520792417,131.1295938759089,1613.5458985020603,1.2739904222228573,7.709661865637877,0.3289258964549565,5.6311129163165115,0.6836896982850598,4,0
SU0100331,638.8177578730651,177.37774487528918,-0.3292775619783313,-0.2426936467252175,24.468162807999487,0.7873859459551535,19.40912980519891,587.4520161706382,48.564351430041356,89.01246997342,1520.705525903339,0.907019006933698,7.129409536895869,0.6209145871366383,4.975794568079593,0.5213549864343061,4,4
SU0100332,350.9496672126188,184.2596177539533,0.017269705126171438,0.1133299042248327,12.905659384509608,1.2498534113301576,14.14798546201572,625.9807053484625,194.2369529098417,392.37104452994606,1521.8563652820321,2.8793531947077393,7.136602283012701,0.2486481544080928,5.03931954849803,0.6482715494667508,4,7
SU0100333,551.4389253187865,172.50322533752316,0.15964682793707732,-0.11741290560497214,20.1498654674998,1.5111371354544967,18.099076446758826,561.6051388903961,343.2940305059259,150.0216414434775,1950.311592522586,4.6281447836548,9.814447453266162,0.5019984967444687,4.930799003115598,0.580020598253339,1,5
SU0100334,618.5492655107812,214.13123830821883,0.2815704712997463,0.09510088940071279,23.390540795658502,1.7778900482787203,24.250819593208924,824.7312571711707,559.0740232332083,363.67248853341135,1243.191043359372,6.948794822224524,5.394944020996077,0.5940730930557284,5.315057584383559,0.6622776307814005,2,7
SU0100335,488.6386156998969,186.965079734556,-0.19188809582628996,0.06314424217486747,17.525226692622137,0.9456802261168077,18.666127980132668,641.8104710702838,84.13710046208314,318.3339563916455,1395.7801135891916,1.4338641661016576,6.348625709932448,0.4155917036509165,5.064293043703594,0.5580135710394779,3,5
SU0100336,498.86217903505906,305.1258321128304,0.29733904502183844,0.005581580425768966,17.927940144909307,1.8156654870205913,18.104333302904003,1910.2849168501662,595.473078822926,250.4493201052457,1510.2364338190168,7.323806086927229,7.063977711368855,0.4294491380857507,6.155007681041511,0.5201245626920389,4,4
SU0100337,749.0811324705015,158.6202084283305,-0.0632005911968549,0.11743114363979573,31.261975432074028,1.1226955615134169,29.69922976784943,494.0556080719342,140.7798939972886,399.1336933554904,1413.872144749336,2.201923645601236,6.461700904683351,0.7513838112508688,4.802648077799974,0.5469795972441176,3,4
SU0100338,265.3640593280213,225.77237243300584,0.2911300408772803,0.08654704473597503,10.670422775989886,1.8006962358981762,10.373275275022635,918.2908835801492,580.8660407134926,350.9390937747412,1733.8878668075688,7.173785432318396,8.461799167547305,0.17060992349445353,5.4225142070739,0.4823118291058136,0,3
SU0100339,592.5383707650761,118.69460491598969,-0.034164831837201426,0.09266537728230058,22.07685363436208,1.16701229741985,23.198692928902414,341.7583968235233,158.11785499384422,360.00061460191944,1516.2912980965277,2.425692928319288,7.101820613103299,0.5588076285121114,4.434104045378366,0.4369887181919023,4,2
SU0100340,313.29476100320437,90.2243444530997,0.07371788849093854,0.2476673442788002,11.869693154534753,1.3475532194677746,14.922585332549062,262.7759166648887,243.44025521655328,686.7341656868119,1717.993319040034,3.475458090627976,8.362458244000212,0.21164650962625714,4.1713016411055355,0.3983211840683149,0,1
SU0100341,805.793668852561,240.86602710595207,-0.23179499182931365,-0.0363841940052597,35.460889155820034,0.896676625055886,29.34112833306749,1055.5742917869018,71.72361362762739,210.27142405091328,1675.2835858393296,1.2552691694493905,8.095522411495809,0.8055070341420489,5.561840250208788,0.5940346808747828,0,6
SU0100342,314.36289057016256,219.69824012675264,-0.32062508941208817,-0.02673866109086536,11.897900774414394,0.796522326539187,10.390690281769677,868.2201343229954,50.27458305571608,218.89428844652943,1682.0730831040078,0.9335597626786435,8.137956769400049,0.2126383140034918,5.3664452934777165,0.5514715372457056,0,5
SU0100343,460.19124100684974,237.8075064952027,0.1462127722629872,0.15720476314403403,16.451636902560022,1.4843105123971383,19.12751653600028,1026.1895469291799,325.3335907719681,471.07619155035184,1639.894788551422,4.425467433380882,7.874342428446387,0.3777903809669087,5.53360775226341,0.6365099835149718,4,7
SU0100344,681.9235403387562,197.25936219257068,0.013426349964572112,-0.02847116629168824,26.92791344079843,1.2434649533061921,24.65584046386794,705.78960945031,191.2737025364154,217.31983022272303,1306.021073110444,2.8427005546576676,5.7876317069402745,0.6754432106940865,5.159317189469883,0.47357507929441534,2,3
SU0100345,499.23739325166224,195.6943903741579,0.21612188970063947,-0.005015667345061503,17.942894863216743,1.6293196248315283,17.942304170702506,695.6671378782893,430.30211663283484,239.63127459003198,1660.5562065404263,5.586797913624748,8.003476290877664,0.4299599683252108,5.144871295761457,0.6363452525145697,0,7
SU0100346,508.3395764160176,218.65486373906197,-0.03652920625872923,0.1586563072894172,18.309522522404755,1.1633390849941243,21.024144204335418,859.8983003278626,156.62950487369747,473.9339410167136,1601.7349341225492,2.406650577915383,7.635843338265932,0.4423952172189168,5.35681412682211,0.4547612996249316,4,2
SU0100347,579.0744373876925,287.1272905185522,-0.027184655182005173,0.05372580361140818,21.426101195690617,1.177924266295137,22.026102625267065,1617.8725057753636,162.5948265012398,306.0833697621088,1587.3406140382633,2.4827938604635014,7.545878837739146,0.5402935954009435,5.988867297094328,0.467070168066832,4,2
SU0100348,641.9274308584324,89.40071511774933,-0.09384361596020942,0.12908675609930303,24.63783278604929,1.0777496164014833,25.72640157948298,260.78567692525473,124.53982398959262,418.9960462613117,1557.0810064493373,1.9881169745083327,7.356756290308358,0.6249724196211065,4.163698908779224,0.5256417753802779,4,4
SU0100349,630.3629838241337,176.09400389591644,0.0018867753527749872,0.07881822320641652,24.01273725435873,1.2244793098721147,24.438864202156587,580.5318414195564,182.6454973987144,339.81768845111054,1383.621161494539,2.735431658911189,6.2726322593408685,0.6097974813317133,4.963944651346921,0.5532269124443753,3,5
SU0100350,493.7917249708025,76.93578065098339,-0.13806836343739495,0.18818477364765984,17.72706773722455,1.0160360682275513,20.950535531881094,232.4413593207517,104.34748652335595,535.983417735666,1561.5557303336375,1.715615866310613,7.3847233145852345,0.4225611950636906,4.0486379752398465,0.4441129358878889,4,2
SU0100351,272.7362123472861,172.70934649281205,0.23417797997647233,-0.022410976176522317,10.846671401648287,1.6690211329376858,8.84400309945242,562.6746979161858,462.53023135394636,222.87719675921213,1709.1199285446426,5.933375448035445,8.306999553404015,0.17648376486451609,4.93270165993365,0.5781544616654927,0,5
SU0100352,634.8250824122608,93.17816689520299,0.14062843826246363,-0.04019184447283286,24.252026554229566,1.4732997077249776,22.62888913037404,270.03935143047767,318.14706774301345,206.9617474711205,1638.0947925777452,4.3438517776174725,7.863092453610908,0.6156796802579141,4.1985676944172585,0.484866401441111,4,3
SU0100353,581.8688825517843,202.88019200594604,-0.023104997486379977,0.0485454231703388,21.55956865260092,1.1843490949181488,22.0484358187417,743.3758506711282,165.26991900148133,299.54737835380985,1457.3764679691985,2.5167876384907886,6.733602924807491,0.5441470758267734,5.211201772362579,0.49807521975669766,3,3
SU0100354,838.9870089029137,248.18193631349374,-0.11412971175722651,0.06821331667135354,38.175477267325455,1.0489892179888496,32.37527229074698,1129.320857332829,114.83325882782471,325.12904101300086,1381.1713832478156,1.8581244661713305,6.257321145298847,0.8327833688719913,5.629371719816866,0.4552252285070141,3,2
SU0100355,736.0856994518157,69.23352433291863,0.13902838703648118,-0.030326677508767018,30.372080340381956,1.4701599181271983,26.731221464646715,216.48910538121746,316.1173635098631,215.64614434608913,1466.1525435071155,4.32074549989717,6.788453396919471,0.7376537686718204,3.9775402246115563,0.5827800975698633,3,5
SU0100356,654.6157861589654,126.28769350612097,0.10765884131250951,0.013604464563026808,25.342416281779588,1.409937139878755,24.295132760010215,366.5716843586044,278.8392261174162,258.9630193344334,1299.031233141114,3.8917650861693196,5.743945207131961,0.6413432062844844,4.5041940939026555,0.5364100413136209,2,4
SU0100357,798.6302228006066,288.97866188597027,0.10760226864130158,-0.1428412185802044,34.90086472854274,1.4098307920094098,27.288266132575743,1645.758874894444,278.776134536768,134.93973291575364,1578.4971043929422,3.8910312635398774,7.490606902455888,0.7991963372008396,6.005956878947417,0.6180688723087355,4,6
SU0100358,680.62743699737,231.0220287647147,0.05448946188712962,-0.008689480659665244,26.850466452256395,1.3134438959731254,24.935131205569967,963.8855593659365,225.41831357945873,235.99103820211255,1402.661200655357,3.2596881771532487,6.391632504095981,0.6738627133406488,5.470972573212751,0.3981651585198803,3,1
SU0100359,611.1355180084031,192.09343483739227,0.08363637642372243,-0.16050524319514728,23.008338798669797,1.36549249882843,19.702404980407668,672.9235357600002,253.29264140937195,125.36483338630931,1603.2026702904097,3.5922829564772902,7.64501668931506,0.5841035011634648,5.1116317061913135,0.7143636075696622,4,1
SU0100360,564.121023540024,175.99175425157483,0.04635035341285514,0.24388044296524053,20.72581557152802,1.2992672753465597,24.613824964866055,579.9841690787083,218.19767405548163,675.9833951509892,1336.2163581280174,3.172440539774341,5.976352238300109,0.5196024802292551,4.9630008084760755,0.5662565546715125,2,5
SU0100361,406.06166398642404,144.44469314507532,-0.007438546182290901,0.16167878899362706,14.587092043922945,1.2093486857225417,17.09704452714361,433.45898038743593,175.95808535276106,479.94025183322003,1788.158496110198,2.6517103477654222,8.800990600688737,0.31009880433350906,4.671797167493003,0.5858513715701366,0,5
SU0100362,482.21294985577265,342.0280263315037,-0.06413317219942802,-0.06853630972316847,17.276757667551497,1.1213004230098298,16.221565110116128,2685.5566932156817,140.25571766017197,183.90733981796197,1216.0091128674037,2.1950893664329576,5.225056955421273,0.4069484702996922,6.495643319983111,0.6616873255395795,2,7
SU0100363,724.2842066268329,337.15735984756896,-0.20842850283271888,0.17498049689749315,29.585910072852787,0.9250526071950286,29.694060761557278,2567.4881378363216,78.75060724070757,507.29130452989784,1511.2216829385804,1.3569483576855252,7.070135518366127,0.7247696690598229,6.450683321669867,0.6144880173440109,4,6
SU0100364,253.40011460119518,275.4253184732443,0.11797751269977455,-0.004669204174346102,10.390471077143985,1.4294694340232224,8.387739942696268,1452.2205729592586,290.589044488558,239.9774552825262,1603.2180300257794,4.0279532787320305,7.645112687661121,0.16140960166419602,5.880849093599179,0.48876037591662014,4,3
SU0100365,445.7007845952941,149.87610011434924,-0.2779091792535417,0.10341101930440405,15.930316083732466,0.8432046619450961,17.66743638933484,455.7449039532163,59.64219438021435,376.48539203134095,1690.6549782692107,1.0764149935859886,8.191593614182565,0.3590614401391417,4.721933231824762,0.4938924680188927,0,3
SU0100366,612.6765428700674,162.73986914909963,0.04924109431215457,-0.0753092689453235,23.087265913620413,1.3042847319823963,21.182266629191673,513.2051743553226,220.73532894906506,178.7899010631404,1358.6519750259783,3.203157304517035,6.116574843912364,0.5861817472449544,4.840675715222458,0.6341659908818995,3,7
SU0100367,538.5032946775914,311.43708180547594,0.006946494719120995,-0.11112936484205907,19.57888649450415,1.2327679327434105,17.700749823427564,2024.8792953147595,186.37969778861145,154.0012901267171,1696.3105402297501,2.781957961225795,8.22694087643594,0.48403777977542695,6.213265370512086,0.6004640131316816,0,6
SU0100368,680.8371154653562,257.3890441264147,-0.09791944407686917,-0.015270397078234505,26.86298040008139,1.0719085393419834,24.83360342790439,1229.4969823982115,122.52587396131112,229.6079629099029,1472.5680269619531,1.9612888880740653,6.828550168512207,0.674118669280335,5.7143604073207515,0.44674027704675057,3,2
SU0100369,502.5537729715162,266.8646647619936,0.03560071556907705,-0.16152735934139853,18.075617667498996,1.2807778910960226,15.462746293202322,1341.8810466272344,209.0143400470348,124.83206275971077,1251.0656941336104,3.0607777547773924,5.444160588335065,0.43448137546357735,5.801827674726095,0.6831820846998617,2,0
SU0100370,533.7425781540766,137.91833662939487,-0.041098764734550465,-0.17727693051807986,19.37284602000042,1.1562727057078046,16.413151419579425,408.11699125736885,153.7925999357334,116.90318607848818,1727.6952239218592,2.370270580343324,8.423095149511619,0.47743558449715584,4.61155387657903,0.5185557649931176,0,4
SU0100371,796.1322749929159,183.35736143907548,0.21442979618526598,0.030803339885170245,34.707666914618756,1.6256478201847062,30.085199692255124,620.788862823357,427.39950500954814,278.20193906971576,1636.517226059052,5.555375331769393,7.853232662869076,0.7969600068576328,5.030991028668389,0.607527443687067,4,6
SU0100372,662.1923919253547,202.6157410168762,-0.03492760741733773,0.22985216298874322,25.772716348478525,1.1658260094601742,28.193906846909517,741.563419300432,157.63615646898302,637.6039648070541,1354.890082384656,2.419533231313016,6.093063014904099,0.6509666796758966,5.208760686309627,0.5503446113874528,3,5
SU0100373,552.6794575373672,206.1586489673289,-0.06442089688417517,0.037769556670750534,20.205490008562016,1.1208703377649092,20.733693737632343,766.2162587369571,140.09439038506713,286.3953367896219,1472.9851863675253,2.192985104354666,6.831157414797034,0.503721400083622,5.241464452006113,0.4234437986049681,3,1
SU0100374,551.7194115262323,108.46325335304014,-0.2601578643673351,0.016424798482726193,20.162428847699626,0.8634000374465047,20.340612645176698,310.958915882744,64.03107692962311,262.02414613749784,1578.0613347231306,1.1420297009988802,7.4878833420195665,0.5023880534058448,4.339660800181909,0.5921358433683661,4,6
SU0100375,652.090727263545,54.38171363886032,-0.20415253918612042,0.2368225724176405,25.200612072353664,0.9303416584885869,27.917237822765202,188.7543789198956,80.10913105382527,656.3936718034112,1332.4465983876742,1.3764277224962078,5.952791239922964,0.6381100745863771,3.8404465874356335,0.5988672824909351,2,6
SU0100376,426.3512281001477,185.1787280523917,-0.0949881303410391,0.06738493855435737,15.259846263558781,1.0761062040798894,16.31451895757837,631.3141780126326,123.97097661295092,324.0087680503056,1521.8838587706718,1.980546662681164,7.136774117316699,0.3347146604433038,5.047803643560538,0.5141368181084613,4,4
SU0100377,360.96901845747215,197.40532283701322,-0.18190781985638851,0.051297725054500615,13.19622959605252,0.9583485274552977,13.503757246476706,706.7411811732584,87.56389194635007,303.00233782098695,1920.237585445904,1.4823676906876198,9.6264849090369,0.2591920504845785,5.160664518495507,0.658013604100961,1,7
SU0100378,679.3026196409493,174.4355256468254,-0.2908128940505288,-0.1586743675080221,26.771533890667484,0.8288214513423671,22.383862416458772,571.7121448009115,56.64186770151252,126.3248548364807,1705.2468569764342,1.0310974149906633,8.282792856102713,0.6722431068061367,4.9486356213553115,0.4868195135900176,0,3
SU0100379,424.1346223304716,169.2327190805386,-0.15930693882698319,-0.14721224814619635,15.184864280670334,0.9876674254985378,12.651697843748401,544.9040448080035,95.84882826012182,132.50437088906386,1491.9241483549724,1.5983580292276933,6.949525927218578,0.33197806814980657,4.900609714589587,0.47867764362623716,3,3
SU0100380,416.6166556397989,129.22258330044463,0.07835403207517029,-0.02785508285944287,14.933284312292269,1.3559089520620444,14.34861856055702,376.6383278124622,247.99687078939544,217.87840996916626,1471.4284851369835,3.5295843174579677,6.821428032106146,0.32278144857623947,4.531285384311796,0.5977556717847107,3,6
SU0100381,524.4328705180708,161.91350505028376,0.07056755333552563,0.08018374122691573,18.976173325516843,1.3419047650809472,20.342118429484678,509.3053502424978,240.39182910658684,341.75664579484067,1476.4682400786232,3.439152854342797,6.852926500491396,0.4645496795008979,4.833047738925696,0.5564486220496417,3,5
SU0100382,409.27775864800094,124.05560219430583,0.11537212529502115,0.053393047505354604,14.691717624666365,1.4245122869887599,15.41735251695595,359.096147908008,287.57638191565314,305.6592841978813,1572.8477501466523,3.993123477058087,7.455298438416576,0.3139341788823493,4.483590174101285,0.5724683478980418,4,5
SU0100383,558.3165896466917,225.26677290348,0.14026631415341756,0.10934736062287771,20.460195389892135,1.4725885229715339,22.145878941085968,914.0151387434854,317.68656644696466,385.9137900169557,1483.875533448642,4.338611562751314,6.8992220840540135,0.5115487645567652,5.417847134493662,0.6609594183927071,3,7
SU0100384,591.1229227118179,221.10445251677692,0.04231318362523196,0.029640804898100892,22.00752131075296,1.292292248314148,22.093238187094595,879.5634594120753,214.702368071656,276.85761637924526,1382.2796815599488,3.1300342450959686,6.26424800974968,0.5568680364697528,5.379425715539479,0.6061080670675861,3,6
SU0100385,1062.1529910833751,155.6383201386446,0.010649207313742224,-0.05354463172167148,62.684722518883916,1.2388690947184817,39.024650235658946,480.6421176998121,189.16068314865691,195.76155604212082,1421.9168157500906,2.816506698658462,6.511980098438065,0.9450749337522962,4.77512295512595,0.6735559582494939,3,0
SU0100386,428.86521680905634,149.18476923118652,-0.2381239235596952,-0.09091340694506968,15.34533613341005,0.8891417878896085,13.773979426823253,452.84582073874043,69.93066881689617,167.53531045403113,1226.6560171274643,1.2290648407399092,5.291600107046652,0.33783189977096395,4.715551715980183,0.6005443759369543,2,6
SU0100387,1053.9454999307156,156.16587841271607,-0.25001368994853557,0.10799995973156798,61.5517871981761,0.8751573444184791,41.397879881720634,482.9884420241772,66.68267941114743,383.75327467301213,1383.692006571175,1.1813065048848042,6.273075041069843,0.942659460346879,4.779992723809687,0.6539477544442833,3,7
SU0100388,499.23477139780994,138.93198020961927,-0.02669363336185297,0.09093321131234246,17.94279032208125,1.1786957008180214,19.54135018734276,411.95354434601575,162.91449075334702,357.41171495725837,1463.612699079095,2.4868608744113128,6.772579369244344,0.4299563983195141,4.620910586550331,0.5102620237765036,3,4
SU0100389,514.2103114638031,97.32941300744248,0.059554740344097024,-0.2144071912613892,18.549954919010162,1.3223445303634809,15.034725591458079,280.5878563524696,230.03212230716167,100.1467592951499,1428.9405673015176,3.3151928640530004,6.555878545634485,0.45045521712062564,4.236886889299469,0.6107508167064595,3,6
SU0100390,604.5486909278891,218.37083724411536,-0.009756850907821366,0.140369541718262,22.674009513506302,1.2056162722450277,24.46083034250005,857.646786336582,174.33392972378826,439.16407503998,1647.9518714831668,2.6312977449697272,7.924699196769792,0.5751875252753587,5.354192343791834,0.585691280339814,4,5
SU0100391,716.9582399164377,228.7775310362325,-0.06591952700203353,-0.16126786940296003,29.108153121307065,1.11863288052805,23.805022617812135,944.1208081023638,139.2571037671291,124.9671051855388,1567.2579401348198,2.1820575093658574,7.420362125842624,0.7165771117638404,5.450254132642146,0.5936871384665143,4,6
SU0100392,746.2849584049418,119.13911712205592,-0.1359646588915745,0.05518803195693244,31.068324534854874,1.0188899884870188,28.553104470585495,343.16357721047217,105.22925641387693,307.95391130420415,1488.6132817835062,1.727688642418834,6.928833011146914,0.7484705901959462,4.438207234972824,0.3991390711543098,3,1
SU0100393,617.5194694757544,59.592510525717955,-0.14178848278100642,0.16220176474321285,23.337074249325706,1.0110088458711461,25.329119891999547,198.05529334094695,102.80624177937024,480.98721342194233,1791.9806428491383,1.6944729085477617,8.824879017807115,0.5926927118180303,3.8885462510066273,0.4527474905222431,0,2
SU0100394,490.709523265715,182.77046400011588,0.2671840391372352,-0.05914427373892819,17.60606394504136,1.7441117242699846,16.708521342462337,617.4348234404995,527.8098870953996,191.24695023346248,1423.6985563146754,6.623430669860887,6.5231159769667215,0.41838867883942993,5.025573513847224,0.673898044677029,3,0
SU0100395,482.5379525107136,226.94311108281974,-0.2215714447668641,-0.020547929291079146,17.28923993477719,0.908983267084007,17.034010442787544,928.2685023629297,74.71749146844306,224.61405717676064,1234.4645058677752,1.298784097846317,5.340403161673596,0.4073843022943019,5.4333210253798745,0.4655652975235437,2,2
SU0100396,701.0562439274074,176.75614957936367,-0.047865861082946194,-0.08984995487771011,28.09749824813836,1.145886819291316,24.37691023810401,584.0909840782118,149.68551935753143,168.27931498184788,1464.6950282813948,2.3174029248913106,6.779343926758718,0.6982969855107055,4.970056765347972,0.5740890533680555,3,5
SU0100397,726.9249171631171,9.365465533707862,-0.12476417613942145,0.019091549062680686,29.760037873189745,1.0342202541443106,27.198605929610345,124.57550395354151,110.05093405002019,264.951852578138,1484.1819014460343,1.793411035420969,6.901136884037714,0.7276864720604337,3.4249119895419184,0.582270099402138,3,5
SU0100398,598.1572515027797,160.18358890542854,-0.07902797939807656,-0.02946017876826011,22.35424228485591,1.0992513539732014,21.381779023414875,501.23711983655534,132.14345098766125,216.42612282239455,1683.7987759716389,2.0887658768139867,8.148742349822744,0.566488949429647,4.817079282203956,0.4914393653675429,0,3
SU0100399,538.694789834088,191.91724390989737,0.2340526394811687,-0.03603699098835759,19.587219960695062,1.6687422283297297,18.959736421519686,671.8299973598788,462.29839440275595,210.57583949690198,1653.4090649617538,5.9308969917647945,7.958806656010961,0.4843034786934674,5.110005328399053,0.6485583522612018,4,7
SU0100400,538.5242323016834,166.30326636001044,-0.04935805080723241,-0.03069877610910988,19.579797483176275,1.1436092450419608,19.042073876580297,530.3666779678479,148.794743639408,215.31206327579716,1636.6783776922932,2.305904861312154,7.854239860576833,0.4840668302252994,4.873568612553942,0.5684807981804412,4,5
SU0100401,592.3521476505765,106.86047182531073,-0.14512351160628517,0.2572136189732376,22.067719479055278,1.006523168313669,25.933921613743045,306.3921733894574,101.44390175018592,714.6003335747723,1471.5478839538096,1.6757401718496716,6.82217427471131,0.5585525477027384,4.324865893772099,0.4880182403537312,3,3
SU0100402,807.5978498060736,198.3175556644309,0.08672323752967824,-0.01656564903378403,35.603347567628056,1.3711241946336923,29.741600008562013,712.7175003511911,256.4395463579532,228.37213337758652,1449.0123055077113,3.6294367045744655,6.681326909423196,0.8070725207258259,5.169085129210131,0.5364330902002168,3,4
SU0100403,301.1071293462472,174.28471838770668,0.0444049615563926,0.22205558806125045,11.552533133983768,1.2959015303930908,14.02175927559712,570.916836875884,216.50634327944988,617.2237604557117,1513.7598504008345,3.1519349639598926,7.085999065005216,0.20056959761045623,4.947243554348062,0.36326583662317563,4,0
SU0100404,533.0826220987682,358.0677686520399,0.12995493524775595,-0.09730667325703064,19.344455227973718,1.4524811717321302,17.72032408289047,3114.121845328551,304.8499660510521,163.13132121928112,1594.577042308889,4.192021674682115,7.591106514430557,0.47652092232950005,6.6437024798649835,0.4906389260088208,4,3
SU0100405,306.31464648156566,157.35599138978532,0.013728965885829182,-0.22465866029200748,11.686998588563863,1.2439667775959244,6.779036358305206,488.3236396595704,191.50537259304457,95.95911820955261,1316.1345135138183,2.8455694895473793,5.850840709461364,0.20524858604389074,4.790978382059556,0.5508268450545885,2,5
SU0100406,476.52882832198827,205.6627326244959,-0.1822002490962842,0.08569364982639607,17.059900839735686,0.9579749347843928,18.57101526518392,762.7167746402342,87.4615268576552,349.6934362651,1310.5985444703688,1.480923435849105,5.816240902939805,0.39935024006510306,5.2368867626876545,0.6814187441550105,2,0
SU0100407,241.163508811903,108.98397242507818,0.06260562045477439,0.19970799017971658,10.111735562969946,1.3277345720143636,11.318158512347061,312.45718061933474,232.8565227765361,562.3456102561171,1550.4068857785874,3.3490790631334293,7.315043036116171,0.15241833056901025,4.344467437769953,0.5950286336145914,4,6
SU0100408,553.1566423011506,113.28410048251243,-0.07352075223590689,-0.1454291663977532,20.22692748832258,1.1073528312411147,17.698938871748854,325.10913551020934,135.08672654888355,133.49247911142643,1295.4064051557007,2.1274643527913843,5.721290032223129,0.5043841130602628,4.384160927530884,0.5821399135455798,2,5
SU0100409,347.82796322416687,200.7710104370185,-0.19527341283316466,0.035565962414010555,12.816441093796698,0.9414212754764297,12.730520165617778,729.0427731612685,83.00545667163296,283.7777921942887,1421.810788965926,1.4177748334945217,6.511317431037037,0.245422276431061,5.191732404034017,0.6625292426920516,3,7
SU0100410,608.2694012042317,260.3258880446192,-0.11334700746377888,0.0067372008293000735,22.862260962715627,1.0500845205743985,22.37831894954179,1263.2837186446086,115.19334415321545,251.65816287820175,1343.0260547013954,1.8629786690850132,6.018912841883722,0.580230307170128,5.741469735796485,0.5169115805804466,3,4
SU0100411,502.82123990596676,132.81921565533594,-0.18232542882685426,-0.16962207883831834,18.08636448330432,0.9578150560681747,15.338235793482292,389.3524862275623,87.41774417850874,120.69193872468072,1125.6403014868165,1.480305626097851,4.660251884292602,0.43484651417222236,4.564485067587716,0.46549228291972344,1,2
SU0100412,662.9489014009321,76.09759541913661,-0.20521842693799575,0.2149078285479498,25.816080130899255,0.9290204112067109,27.974254419168744,230.64987793733084,79.7683087603122,599.1124353641302,1398.1606320242793,1.3715460083945217,6.363503950151746,0.6519209939267196,4.04090088079203,0.5756836807331869,3,5
SU0100413,665.617086370089,223.06419843578323,-0.22834713459120895,-0.027727161587938826,25.969606114063357,0.9008082653058883,24.034100665704482,895.6195181525981,72.71963725652397,217.9945712705296,1241.0836368770572,1.269779019193978,5.381772730481607,0.6552770667466364,5.3975156778687685,0.745705428712826,2,1
SU0100414,262.922452477192,111.89038577346169,-0.1560901282262257,-0.17959925720674563,10.612684051597148,0.9919127085639793,5.8425521984450395,320.9533767071401,97.09010715955857,115.77744395173112,1716.4150255610473,1.6155889620519146,8.352593909756546,0.16869908661255728,4.371295868678108,0.7437958320866798,0,1
SU0100415,464.36515852372884,94.17249545511335,-0.3355388248089032,-0.029293046222652178,16.604941840196723,0.7808399343641851,16.181538727767478,272.52929472232097,47.363159499918105,216.57689134966512,1449.381532294169,0.8882849042190258,6.683634576838556,0.3832564099682299,4.207746111893354,0.4978963098911885,3,3
SU0100416,589.8475457157211,205.6862542830066,0.0484624886906851,-0.037934984636218465,21.945236534366437,1.3029314033443729,20.917377033896624,762.8823959751934,220.04893529189187,208.91710866073228,1323.740507268118,3.1948547622417465,5.8983781704257385,0.5551188961458045,5.237103885689292,0.6032666478245373,2,6
SU0100417,552.2524766958754,237.74323911425228,0.1185113324208347,-0.17061144828565386,20.186327196555702,1.4304872348277273,17.24407217785648,1025.5809534868447,291.21019606916553,120.19542568075738,1270.5244468067835,4.035126995610768,5.565777792542397,0.5031283990314004,5.53301451490079,0.48955674250075776,2,3
SU0100418,359.8722265076798,229.09136543844653,0.05269645139818766,0.13190207925423728,13.16410538617498,1.3103076214727634,14.804510129535947,946.8598282373056,223.80738769613257,423.9400259061535,1563.437890785747,3.2402640972975956,7.396486817410918,0.258023786629601,5.4531510655856605,0.5666919665498695,4,5
SU0100419,765.9513604619507,210.53227708277814,0.010215144515657821,0.17765436407168225,32.45621376349914,1.2381523061783637,31.35901453027056,797.7828190591672,188.8325376409458,512.9746952547398,1518.4289413044464,2.812434509417156,7.11518088315279,0.7684767094364983,5.281836403841029,0.5256527516065663,4,4
SU0100420,399.1918134200231,225.69665483795174,0.18555758127637031,-0.006070488172011608,14.366091839780276,1.5642556821048932,14.034062385689593,917.6492852635847,380.78325361753105,238.5803854094778,1709.2664998047742,5.045643869432021,8.307915623779838,0.30199342881461066,5.421815275427247,0.39239879744227396,0,1
SU0100421,540.0183925345754,177.39383071321166,-0.10904915586110205,0.2860633245578248,19.644917433543156,1.0561192716227463,24.37954845230834,587.5392502585028,117.19080009226991,805.8765113072799,1489.4091787697982,1.8898601163066544,6.933807367311239,0.48614020777644157,4.975943052737338,0.5173815382716453,3,4
SU0100422,554.6731804180309,49.81710699582109,-0.11398018880173726,0.1179887963334485,20.295208939775694,1.0491983694609879,22.148214732925346,180.96646844334572,114.9019602036358,400.06217987830865,1399.368743210756,1.8590508045397347,6.371054645067225,0.506490163814657,3.7983117568845026,0.4836899869759783,3,3
SU0100423,785.714614572592,267.1165360618689,0.07754857082417127,-0.05461408008464007,33.91340129162642,1.354453557550159,28.256444787523467,1345.0045037873288,247.1991490681551,194.8911763881874,1461.6846295813882,3.520120549640578,6.760528934883676,0.7874337668753443,5.804152640571098,0.4856680030740033,3,3
SU0100424,370.94083857484395,112.1129282599519,-0.09270816101778112,-0.1241665188821694,13.491916824628236,1.079382500305191,10.967146185429996,321.6133690966504,125.10674788283043,145.8588691666143,1249.8071810330962,1.9956559566155472,5.436294881456851,0.2699703288277719,4.37335010701494,0.5675522135803125,2,5
SU0100425,592.2272045608187,290.5515292978406,-0.10025075525320538,0.03553207075479247,22.06159319834486,1.068581776023948,22.2343702455006,1669.8275808104613,121.38860111910391,283.7377212727231,1550.0340126839683,1.9461067061119248,7.312712579274802,0.5583813884340477,6.02047565505699,0.5296929951099574,4,4
SU0100426,683.9800459749417,230.38989714529643,0.04911166427963099,-0.030676764605735464,27.051255966266787,1.3040596665827289,24.699055711152145,958.2776055196632,220.6210794030419,215.3318114405782,1442.7951826312744,3.201775653403375,6.642469891445465,0.6779427649941027,5.465137512110429,0.4405796880962353,3,2
SU0100427,404.9347998488155,139.5695109463903,-0.16859576436441512,0.05279087600251971,14.55060958407954,0.975510502712012,15.238423483051488,414.3849968009624,92.35288468014888,304.89333171162014,1691.4604590379215,1.54962678611292,8.19662786898701,0.3087610738574113,4.626795485658987,0.47735500541366804,0,3
SU0100428,601.0194584340347,112.78277593056883,-0.045738325640874315,-0.0828395495013331,22.496878680991273,1.1491419871927169,20.603430891856906,323.60813252544955,150.9648000572642,173.26725176698062,1596.3033037770306,2.3338958607979,7.601895648606441,0.5703897350438702,4.379533316282174,0.49569694609262577,4,3
SU0100429,732.0988744671964,164.02814971195707,-0.09744055643922463,-0.15039663148141955,30.10418400197592,1.072593189563309,24.5750123712562,519.3445500366196,122.76080340441358,130.7578800015672,1540.512721647256,1.9644221782397615,7.25320451029535,0.7333449691239557,4.852567535802681,0.6216174721780945,4,6
SU0100430,599.1978261766374,325.52405831693756,0.21446811787056272,-0.03690333176604187,22.405993781847812,1.6257308857257204,21.298193266324088,2306.067564529096,427.4650247083784,209.81708296376857,1449.115610590869,5.556085014912749,6.681972566192931,0.5679080862047934,6.343298999848654,0.5875757375588283,3,5
SU0100431,399.1565475233767,255.80873992461164,0.054240078276537554,0.030775069303023934,14.364966032539224,1.3130072334000242,14.64678355873727,1211.6919697054077,225.1935631644995,278.1691704548459,1609.9125868433307,3.25697959374633,7.686953667770816,0.3019521314269387,5.699772983919492,0.6878263906695248,4,0
SU0100432,580.771963393751,172.65237589336002,0.22630794349838673,0.11610604991893624,21.50707908861415,1.6515990249529873,23.131788297294808,562.3788749547168,448.1965097128863,396.93605929111516,1448.6432255386044,5.779746431049284,6.679020159616278,0.5426350518718894,4.93217577747717,0.5504149158927216,3,5
SU0100433,585.1685648689837,203.51784139932388,-0.2034899776408671,-0.1850981529361872,21.71823795632564,0.9311638997678964,18.28269719596847,747.7642591698356,80.32172155661621,113.15490221901722,1358.0175964796074,1.3794709754256442,6.112609977997546,0.5486904362564541,5.217087766762989,0.47282092455909264,3,3
SU0100434,434.11167748494955,221.25619173585028,-0.02533937344871075,0.023567352601222592,15.525291354066214,1.1808259706484512,15.886021112212859,880.7963005117147,163.7993996390778,269.93934955982684,1304.111454393238,2.498112437845746,5.775696589957739,0.3443826281076001,5.380826385254003,0.5130686237663244,2,4
SU0100435,655.7063791140713,218.6719097814921,-0.10868607422818619,0.01939948636554643,25.403909123886645,1.0566306720790934,24.43412840497299,860.0336143232489,117.36112305285025,265.29202309175105,1851.815656557173,1.8921487459496475,9.198847853482333,0.6427356788741959,5.356971474906081,0.548592165659549,1,4
SU0100436,425.22634969435984,168.70544469145958,0.013826566129024956,-0.018140205682865927,15.221748408263444,1.2441286700762209,14.845354615621783,542.258359756849,191.5801510726438,226.8787672079805,1494.9832478917597,2.8464954010685632,6.968645299323498,0.3333244965957897,4.895742566382704,0.43452425624505286,3,2
SU0100437,376.7265144845288,170.29320959035266,-0.024790195503365507,-0.06794271298320007,13.66650310401419,1.18169093206212,12.129208124678339,550.2643822650859,164.15961521008947,184.36276444687968,1471.67782622777,2.5026896535969594,6.822986413923563,0.27635183916975736,4.910398857757102,0.5548811884331365,3,5
SU0100438,710.0944221744146,173.55123721030668,0.05986548079473798,-0.06499203617207051,28.667537430591157,1.322892518457377,25.142693592803838,567.0644461247097,230.31822121672627,186.64340090478447,1591.5353157757572,3.3186285248255807,7.572095723598482,0.7087691157541249,4.94047295886437,0.5800584238089885,4,5
SU0100439,705.8470605723675,226.37493005889172,0.08831034343217191,-0.01181008903893363,28.39822948856626,1.3740287591872975,25.863884204943176,923.412712898951,258.07271175642256,232.94241932661242,1539.1902763271148,3.6486885856850457,7.244939227044468,0.7038745585520182,5.428076277466693,0.6350807142761221,4,7
SU0100440,432.626577507497,139.15349438470372,0.027214709692554295,0.04983356283185442,15.474138896974578,1.2665368419195995,16.266037394711347,412.7967465768978,202.11944585775618,301.15944591152623,1368.1429601177592,2.976403519399269,6.175893500735995,0.3425221902489388,4.62295533278188,0.5440189949269354,3,4
SU0100441,533.0802206388188,36.00679248577441,-0.03293909838881396,-0.018878139941815954,19.34435199506145,1.1689211181420895,19.027372914701573,159.30680444122154,158.89499995680836,226.18224849654453,1474.3531291483168,2.435624045867922,6.839707057176981,0.4765175943242009,3.6708319306379176,0.6632731419661815,3,7
SU0100442,331.15630626840243,126.39953287170017,-0.3918293697479001,-0.05770999994089688,12.350304030144644,0.724380001989089,10.527578578089592,366.95031494824195,37.81411785064046,192.39329087526536,1436.69703133984,0.7363145313536053,6.604356445873999,0.22867671712105014,4.5052264572772325,0.5092018258932596,3,3
SU0100443,749.3819211070768,235.9401389519026,0.011678508640095621,-0.044473566424783464,31.282878521679716,1.2405704880855646,27.012515269306594,1008.6524523557335,189.9411019867515,203.3021860144722,1664.1903468970982,2.8261867422340368,8.026189668106865,0.7516958421910344,5.516370513402178,0.5484193712131319,0,4
SU0100444,402.71139299467757,68.44383596350414,-0.0661971740843524,0.09055723406071303,14.478893733699978,1.1182188436295837,15.781396961916013,214.91676067465974,139.1025323014371,356.85224215598276,1864.2461903268943,2.1800389705758536,9.27653868954309,0.3061310059575858,3.970250793509269,0.5549288276951582,1,5
SU0100445,412.23600727834526,102.9772614615261,0.08279323444583982,-0.2117539262861122,14.788617454442525,1.3639582892993178,11.113279289389332,295.60404559610765,252.43983365908917,101.26005136577862,1588.055216224782,3.5822011152958564,7.550345101404888,0.31748465689524663,4.289020875029472,0.615416928501033,4,6
SU0100446,628.5303015819155,165.72199132399376,0.08474109803202218,0.020512604535395995,23.915141198424404,1.367505299613429,23.395832914886647,527.5285551320638,254.4143894393781,266.525303233024,1375.5001853023052,3.605535584292719,6.221876158139408,0.6073721427286691,4.868202996836866,0.6980329857900021,3,0
SU0100447,486.6977116701071,230.42389952924412,-0.3627921424043572,0.1531765059337115,17.44980106253738,0.7529752979714364,20.091186108288245,958.5784255544589,42.47142217666883,463.23544316494565,1735.0021991447331,0.8111460608849853,8.468763744654582,0.41297523522836527,5.465451380269945,0.5523867029701311,0,5
SU0100448,650.5787862527965,216.30348680449157,-0.09641753544610863,0.06565467665272083,25.116083401414098,1.0740572349690976,25.005641854042988,841.4352872116793,123.26418014799748,321.6812513796619,1370.619124820391,1.9711324300435864,6.191369530127445,0.6361681337758137,5.335109108964538,0.501299446108374,3,3
SU0100449,752.8497657782137,243.35274989551317,-0.10595632531736889,-0.08802916122012487,31.52488573576192,1.0604834611587386,26.42144931548401,1080.0845611562902,118.64961033609424,169.56084471018485,1396.7045436067724,1.9094442840062955,6.3544033975423275,0.7552743259108043,5.5847946144201215,0.6086111653172394,3,6
SU0100450,370.0027394541285,203.1863215373369,0.11202702159514419,-0.010589454035172013,13.463819998123942,1.4181729129777698,12.823615633741019,745.47946117404,283.7541193946355,234.13017751838126,1661.6101914983883,3.9488460828765275,8.010063696864927,0.2689444136548077,5.214027583421571,0.5256551864408167,0,4
SU0100451,511.5059918210954,116.47899497642933,0.1525766021430308,-0.09198245363746443,18.43881142308768,1.4969586296092219,16.96996989908486,334.8398176893902,333.7213650972167,166.79070726139875,1555.9634908344094,4.520346606734878,7.349771817715059,0.44673893296625267,4.413652261320886,0.5442947146299253,4,4
SU0100452,360.4990486399007,140.40829565148414,0.20743083585611008,0.02419890511613766,13.182454946679744,1.6105479260027364,13.033833643487323,417.6058786540301,415.60003499325893,270.65062197451135,1338.5359453813053,5.427269318513326,5.990849658633158,0.25869103452922604,4.634538113706007,0.5744262629878953,2,5
SU0100453,523.6994743129819,44.5130161458718,0.04276857620134086,-0.04567498164796374,18.945271728030377,1.2930771536448005,18.215952084705457,4781.109164482514,215.09381994994553,202.2870192893734,1727.2044668459366,3.134789167637578,8.420027917787104,0.46353634185906584,7.072427841346508,0.4027171066165724,0,1
SU0100454,566.9776281485975,309.6378521542697,-0.01742989265396311,-0.20799612535776946,20.85780174259482,1.1933448268397187,17.193639005371526,1991.527272160036,169.06452205763935,102.85800837496222,1436.6531256943044,2.564850924473542,6.6040820355894025,0.5235625733905439,6.196657096808644,0.666361443276723,3,7
SU0100455,617.6925273377389,125.47435288168634,-0.1027864210768536,-0.0671640325379776,23.346050784558543,1.0649751212545815,21.51308663194577,363.82985763940525,120.16362019617337,184.96190120271345,1557.7916614486394,1.9297271047378666,7.361197884053996,0.5929247886898247,4.496686334292489,0.6570556906350923,4,7
SU0100456,739.4361423038508,209.64079183709336,-0.19974671400862248,-0.15935190167921295,30.599057417054457,0.9358229728043245,24.711096061607314,791.2447269749316,81.53343193822032,125.96873522208274,1585.3203233942022,1.3967912195585006,7.533252021213763,0.7412399126296049,5.273607309265477,0.4423623121653685,4,2
SU0100457,509.39793620765124,199.7697790021015,-0.17063909930440332,-0.12291148012306362,18.35263556252217,0.9728563935836348,16.372506183802045,722.3359011198216,91.60112953593507,146.62361085888648,1484.940629669149,1.539107960730426,6.905878935432181,0.4438461376979485,5.182490267711707,0.5902920230019244,3,6
SU0100458,741.0733786744762,219.45847326008587,0.01104848924882918,-0.08954337042684592,30.710588830364227,1.239528814378273,25.938241885782197,866.300686080623,189.46303830873245,168.49441826524884,1328.654880664877,2.820257795162608,5.929093004155481,0.7429806773060939,5.3642320608623315,0.5091298329336682,2,3
SU0100459,623.7884052965021,201.88054093077727,-0.31498529785876833,-0.09428124339210035,23.66445738277494,0.8025345297762838,21.298195038328963,736.5478652716143,51.42162524359594,165.2007640153187,1692.721208256985,0.9512760426741587,8.204507551606156,0.6010724332345172,5.201974223976405,0.5563372038243312,0,5
SU0100460,294.93839564146253,333.12837680387986,-0.004341259847214696,0.046120075117608954,11.395248095337658,1.214353277924824,10.849605526905915,2473.755472045235,178.15161557116403,296.5355113278083,1563.9239609672215,2.6792291802497865,7.3995247560451345,0.19513091994465853,6.4134927089588905,0.5205923627071851,4,4
SU0100461,419.036737272149,317.90887402928615,0.15048088044266258,0.09863246413304118,15.013811246989658,1.492781523449005,16.550858629467594,2149.53107146896,330.9355097395613,369.06345740939736,1592.2062706749136,4.488878686455017,7.57628919171821,0.32572739190023076,6.273004991039564,0.46973460877106527,4,2
SU0100462,779.9554345132492,125.1963772292363,0.04249301972259686,-0.19672678865574825,33.482137132592484,1.2926021531935081,25.66393153125278,362.89749272309905,214.85686857840605,107.80295255229912,1173.4625838963968,3.13191111806647,4.95914114935248,0.7820290671441827,4.49412040519295,0.5754632962122492,1,5
SU0100463,404.3621319049165,50.70410786567723,0.08109142544206133,0.2544096925260947,14.532104322159547,1.360866869299971,18.576466671737222,182.45425010168483,250.72725171968017,706.3002183247926,1722.3296413728099,3.5619379027920974,8.389560258580062,0.30808246960511354,3.806499457221636,0.5294145691787463,0,4
SU0100464,551.5921552054502,237.70090669095435,0.16831920297523603,-0.041224286259083844,20.156727883801295,1.528712081275373,19.374845709227223,1025.1802749116189,355.41169149481357,206.07334324358797,1505.468434515932,4.763887372865188,7.034177715724574,0.5022113122566005,5.532623754070348,0.5740491845411629,4,5
SU0100465,649.6977376501898,171.35003126926765,-0.01801278676031164,0.16557987957052658,25.066957086333506,1.1924177289311142,26.636798901460597,555.6586321795855,168.67079438508563,487.80520929053864,1693.5233123908617,2.559872307758578,8.209520702442886,0.6350344584491714,4.92015413479324,0.5881928458748871,0,5
SU0100466,859.4396326041272,154.8810254552829,0.24344601729440707,0.06510185322426605,39.95059748855361,1.689773826872365,33.118794377231595,477.2939472311211,479.9990233333257,320.9411335609784,2023.3641795543344,6.11953873946092,10.27102612221459,0.8480140433411576,4.76813254266415,0.4546014458574018,2,2
SU0100467,425.9178546008785,207.22185883303558,0.05958510794684878,0.2340166781010022,15.245157308979135,1.322398073358654,19.074861202828647,773.773114518276,230.0600661007408,648.7643100306295,1393.0600506720746,3.315528462571388,6.331625316700466,0.33417874097656336,5.251278696920329,0.6223934814955108,3,6
SU0100468,759.2433408427593,225.8021090943421,-0.144149451288648,0.16893105663050376,31.97598658491252,1.0078312365907878,30.95275864328237,918.5429819166703,101.83992266235215,494.6643256957855,1696.6919890104662,1.6811899210496248,8.229324931315414,0.761779967524769,5.422788699332388,0.5979667615832303,0,6
SU0100469,586.7825836976117,194.69702065288413,-0.011810368835906658,0.07689421611031702,21.796274809247276,1.2023197810676747,22.712004078967965,689.2918774297248,172.90780349320877,337.1043637494178,1504.9815764711964,2.6133478587667205,7.0311348529449775,0.550909887149797,5.135664806026623,0.4821180019717887,4,3
SU0100470,361.25350393103344,131.117643512601,0.03331983638241776,-0.0032347003722248786,13.204574757251079,1.2768887417007233,12.605946813336441,383.2847738717247,207.11606684643823,241.41611956908926,1534.4550069262,3.0375951135360983,7.215343793288749,0.2594956353599941,4.548778247808625,0.590065050683689,4,6
SU0100471,437.08223333496176,275.2679109424476,-0.04015662405712116,-0.052011238173781074,15.628116467172934,1.1577261137935977,14.74189954901883,1450.112039437595,154.37327045228275,197.01630811261194,1577.1817979731925,2.3777260421397366,7.482386237332452,0.3481182576303546,5.879396101007209,0.4030791838099942,4,1
SU0100472,407.70379904987453,243.76973191496916,-0.2606132893593166,0.1341089036319787,14.640420343531375,0.862875911322526,16.701407245805875,1084.2498877797234,63.91453770081773,427.85617460569017,1741.7818506174615,1.1402973200561421,8.511136566359134,0.3120539242195887,5.5886436792150995,0.5204435729741002,0,4
SU0100473,602.5262981367358,252.74066051531673,-0.07001837820652795,0.10413306246314177,22.572336480233794,1.1125360759929255,23.778240413036535,1177.857337170879,136.9925421073702,377.61975881142826,1392.6161927790924,2.1524471538861265,6.328851204869329,0.5724398703765001,5.671452250910616,0.5117918165333457,3,4
SU0100474,406.1194364215047,202.2720679476622,0.17369535788483242,-0.022093551854059715,14.58896490153792,1.5397095742837257,14.036418885490853,739.2146357056974,363.13745682938446,223.17216946174958,1296.6001344140154,4.850028233549086,5.728750840087597,0.31016747347612017,5.205588319516882,0.4633834542170548,2,2
SU0100475,621.0278958466972,299.8675668706275,0.059058749897159625,-0.04642758607815032,23.519732944094567,1.3214703257872604,21.988402848291276,1819.7780972264152,229.5761997825293,201.65367073994483,1622.5894346960454,3.3097163791397035,7.766183966850284,0.5973894242975397,6.106469848036562,0.5308401091530603,4,4
SU0100476,481.90866087444283,117.70015812980787,0.21126732663695338,-0.3047049500994796,17.265079112077682,1.618807502879702,12.273587643459228,338.6355775158338,422.02700570405256,68.74445242233702,1627.6574720446831,5.497120568368089,7.7978592002792695,0.40654054827167646,4.424924536582842,0.512900404976197,4,4
SU0100477,476.1386683387097,290.0004851476578,-0.10711966383000769,-0.08160829848340921,17.045115937577926,1.0588398012403677,15.76747657178189,1661.3554655499545,118.09877430275321,174.1584336223669,1479.1369217728752,1.9020541883273305,6.86960576108047,0.39883042295618837,6.015389093670688,0.5831077908649791,3,5
SU0100478,470.4659591872835,77.69916951516744,-0.1298547271322648,0.1537600627757423,16.83159352098792,1.0272243550672802,19.46967723687895,234.08508062264556,107.83271504013389,464.3631645138621,1511.9642862616818,1.7632362686611587,7.074776789135512,0.3912988624300972,4.055684641678469,0.5860869826963058,4,5
SU0100479,502.94418270885325,137.1326497487375,0.25163541748131163,-0.022583022846129678,18.091306465794013,1.7083259082814495,17.793667835686577,405.1678324171062,495.98300891838994,222.71748201505613,1429.0608192756597,6.2888908828744245,6.556630120472873,0.43501437614339633,4.604301382296038,0.6376913893084272,3,7
SU0100480,419.9751354038707,141.34272265469022,0.0015370026025347003,3.24124905815642e-05,15.04515265292669,1.223908390349422,14.944017696104662,421.22350929206107,182.39013840382825,244.72498064142025,1541.5378156645143,2.732244252537304,7.259611347903214,0.32687342773305916,4.643163593735602,0.7173335271516391,4,1
SU0100481,610.5246843434267,25.426492421197963,0.04894484151473413,0.004545599338751859,22.977128279694135,1.3037696363874576,22.42949771344579,144.4838334925847,220.4739100370618,249.37056355863055,1506.9520038962332,3.1999957181151832,7.043450024351458,0.5832788902381015,3.57316762234952,0.5696757847516937,4,5
SU0100482,544.8379082185361,176.5802139513997,0.09195663146561792,-0.06504969566334011,19.85644590063187,1.3807251635063909,18.7150903918874,583.1431777853807,261.86432493193706,186.59856560935492,1348.3701862977318,3.693306417283667,6.052313664360824,0.49283091942195073,4.968432744166766,0.7919025162097914,3,3
SU0100483,421.145660119378,186.50928930990497,-0.2243490376313051,0.013976209806170628,15.084338535389492,0.9056231124368653,15.22193472363421,639.1158567916495,73.89194692918777,259.36444794240515,1350.6839118897065,1.2868146157884905,6.066774449310665,0.3283058534824135,5.0600857474760454,0.5146021645719991,3,4
SU0100484,738.1116398388023,210.6806219445748,0.08526142868622286,-0.21254458060702353,30.50912643736804,1.368454368698081,23.77304298361414,798.8760010360576,254.9444592939957,100.9270098470286,1793.9032271726421,3.611794579599926,8.836895169829013,0.7398260539543408,5.283205741026844,0.45464949512465,0,2
SU0100485,825.1409465728957,246.4003512887966,0.08659991126770201,-0.10259817370900577,37.018742028916584,1.3708987523406646,28.98995613824029,1110.9006032202144,256.31307463238744,159.57397527705874,1524.2543751711237,3.6279449950009006,7.151589844819523,0.821795646577586,5.612926319588892,0.5123262871484112,4,4
SU0100486,555.2271228709525,163.7583031594386,-0.3057915759858612,0.13461409811815056,20.320207384780367,0.8124327793451477,22.44684530250622,518.0525290490338,53.34785101505678,428.75775058901047,1487.0228549521023,0.9808798997264097,6.918892843450639,0.5072593827323597,4.850076644548664,0.5112159680398211,3,4
SU0100487,449.14109809064183,203.29987246383993,-0.13406345074417084,-0.2706210670168852,16.052572335649955,1.0214760941822099,11.56735825324354,746.2612543656261,106.03255790765066,79.23453254405376,1565.1407685133242,1.738672395402857,7.407129803208276,0.3634717477371762,5.2150757458200605,0.5915282398365458,4,6
SU0100488,514.0662715580261,105.38631311264942,0.013340331133392799,-0.17574388419763062,18.54401823861805,1.2433223462817469,15.673512490629394,302.2511441366233,191.20790129604606,117.65231780663714,1335.6431045299746,2.841885585570717,5.97276940331234,0.45025713385248456,4.3112582748859944,0.48994416507966715,2,3
SU0100489,701.9090327604802,156.4302882216004,-0.06717996176646908,0.23456310184934953,28.15079591790323,1.1167545076527858,29.816958527063385,484.1687145410128,138.556772714692,650.2430770701575,1556.3939995501942,2.1729089376439337,7.352462497188714,0.6992941807298001,4.78243342973785,0.5771195608379861,4,5
SU0100490,483.4538658624205,141.23584160360946,-0.3279609660025726,0.11624886383082698,17.324465650502617,0.7887693854442085,19.349575847385694,420.80813750673894,48.82078459374,397.1723295455495,1571.7295529210207,0.9110083463593261,7.448309705756379,0.40861333405370626,4.642176999417933,0.535666720542927,4,4
SU0100491,525.299193669474,227.84937704696858,-0.23320651096197795,-0.07078575978645665,19.012740731716672,0.8949906438006279,17.8596504240386,936.0665340674043,71.31979767665484,182.19168265002452,1318.191541937195,1.2493769205251664,5.8636971371074695,0.4657470595837348,5.441686557356633,0.6917207425989398,2,0
SU0100492,707.6179957335942,36.82497832620132,-0.22706424399599634,-0.015881480802898355,28.51020840363695,0.9023504351555364,25.86489737625813,160.51452153305976,73.09376171192666,229.02408285289837,1424.409566068412,1.275220604371387,6.527559787927576,0.705921132314626,3.6783844153187815,0.444049423353849,3,2
SU0100493,900.0572027770882,200.31509440886765,0.07122244842946372,-0.08304179390786566,43.72433862745247,1.3430770192717205,32.229305765089,725.9810760146515,241.02238035386148,173.12130355103415,1615.5638635484804,3.446668669247352,7.722274147178003,0.8748743931343075,5.187523948389548,0.5195653791214391,4,4
SU0100494,498.9982287326501,219.7151273886419,-0.24434963475904495,0.1916433431821179,17.933361166199784,0.8817916168080236,21.21065350374947,868.3554851255338,68.21070115446516,543.7632391265815,1529.18227435582,1.203821665390825,7.182389214723876,0.42963434377156967,5.3666011758951555,0.652475536702434,4,7
SU0100495,356.4244438086127,119.99426693816744,-0.17428503323997183,0.030035720719780664,13.063630838579773,0.9681385765874599,12.972657048997949,345.8831238261634,90.27493679638138,277.3135557842994,1510.5573283069193,1.520516210235455,7.065983301918246,0.2543737633712007,4.446100925583084,0.5128470544615056,4,4
SU0100496,367.4675452806497,97.67124246749525,-0.007272585070598397,-0.05587041355063201,13.3881812680104,1.2096163218026457,11.970342090625845,281.474607194115,176.07493293060358,193.87364069072208,1390.302881222678,2.6531776895881403,6.314393007641738,0.2661842586432762,4.240042238161495,0.6737671588905289,3,0
SU0100497,535.1813779253079,262.5527907052501,-0.07998782740240448,0.029373154055838825,19.43488658580874,1.0978454348530486,19.913272820248178,1289.5205483910374,131.63707319027566,276.5490335862759,1491.1238373989863,2.0820935639882463,6.944523983743665,0.4794301968227677,5.762025760356155,0.41419021523855026,3,1
SU0100498,807.1008951275044,171.21501554289296,0.11196273294494408,-0.09024344669538713,35.56405093645714,1.4180513549579439,28.49431069892427,554.966546737192,283.68116009864855,168.0036388128885,1473.6248989472376,3.947999953592228,6.835155618420235,0.8066422725901368,4.9189078357805505,0.48065181120613165,3,3
SU0100499,772.4797268974108,200.24160758429392,0.05505802900213322,0.16298209765259747,32.93050372474626,1.3144399814952723,31.36835767355371,725.4887810607858,225.93155874777,482.5536341939284,1685.0146075038438,3.2658718733885266,8.156341296899022,0.7748667243227462,5.1868456084704055,0.6112274028909028,0,6
SU0100500,294.0890775332567,134.78085723141555,-0.1505832204017029,0.0873040432350959,11.373761288409842,0.9992226750714052,11.50297595798936,396.46688856341547,99.2525010149806,352.0477595073325,1527.3043106800083,1.6455191579984143,7.170651941750052,0.19439093288672626,4.5825925282899895,0.4387590053095525,4,2
SU0100501,516.026041657979,82.8826981782794,-0.007973473210463981,-0.19864470047846217,18.624954378675,1.2084864421860375,15.368045500947037,245.55785921956914,175.58198892182205,106.94489994112693,1584.612398941538,2.6469863222455907,7.528827493384613,0.45295353065883964,4.103532598568733,0.5802370100827259,4,5
SU0100502,893.4307288024387,235.11176381732724,-0.0634371383733754,0.09816841119293832,43.085193393791,1.1223415233939393,34.99177963997714,1000.9691640525308,140.64675264989773,368.35054276722644,1276.3737790487714,2.2001881338375626,5.602336119054821,0.8707884962865433,5.508723973698405,0.4730021917055132,2,3
SU0100503,609.9656557735198,39.71377192138473,-0.005574117740082455,-0.12243159505421047,22.94860184421492,1.2123587509882354,20.29147114028893,164.85234629930028,177.2752357492463,146.91708116778574,1516.2091288245222,2.668241410172958,7.1013070551532635,0.5825238062691465,3.7050502023512437,0.463781091356219,4,2
SU0100504,626.364664741934,181.25628253838033,0.21005488753219956,0.0008081440921946545,23.800325450675736,1.6161926763017396,22.983206030389564,608.8649305534047,419.9852325772026,245.5172641218836,1377.0171512061654,5.474948988228747,6.231357195038534,0.6044993436321906,5.011596454200434,0.5302491315338174,3,4
SU0100505,308.03744853698834,206.3989215558536,0.08847753694729084,0.2963035244031381,11.73182742446559,1.3743350982621307,15.528737294268515,767.9175363384212,258.245361817268,841.005347409081,1400.5062415032953,3.65072260932572,6.378164009395595,0.2068142478422456,5.243682352823264,0.5285764341059854,3,4
SU0100506,446.3634656011212,193.78739057352956,0.05725358017194204,-0.006404981331421293,15.953792738716865,1.3182935128121263,15.862940640075468,683.528409936237,227.924474227046,238.24810240621085,1673.8121466996852,3.2898608440447097,8.086325916873033,0.3599091399730604,5.127268220678735,0.5006416396996178,0,3
SU0100507,727.5113286203282,215.00236048667037,-0.0018044879848419784,-0.03779239689085745,29.79884454661992,1.2184676150607068,26.273345053720696,831.3897616764272,179.96853824055833,209.0412664536683,1888.266841397019,2.7019805470548537,9.42666775873137,0.7283315631605946,5.32309871218465,0.4846393079406337,1,3
SU0100508,603.6279718543146,131.23576043426138,0.26784311229319585,0.10641915945590444,22.627664956618947,1.7456450608499139,23.85918489637731,383.70290101388287,529.203184169985,381.23392549611134,1391.464019385417,6.637997749803813,6.321650121158856,0.5739371871729115,4.549868557854721,0.5910075994744983,3,6
SU0100509,596.38522982978,146.41939047164198,0.113724632584226,0.046716646932529214,22.266388260171713,1.4213865565120904,22.582480831144707,441.4325098624433,285.68749264210174,297.2735312357993,1534.5117942217523,3.971254773495,7.215698713885952,0.564069764925678,4.6900251428151565,0.5466464231006137,4,4
SU0100510,627.5898086679372,194.91019799700987,0.0088639999537526,-0.07692190991850761,23.865211124613314,1.23592375050794,21.73534961622243,690.6495951062155,187.8147303027349,177.59257850825904,1771.0025985219988,2.799796305537325,8.693766240762493,0.6061254433954811,5.137632596895475,0.4659664045321163,0,2
SU0100511,626.9745193983541,159.18435175040685,0.26393209041739496,-0.10841790446686088,23.832602293272924,1.736565746329076,21.18648845771053,496.6351016957902,520.9887047987879,155.7510238603358,1382.357878118347,6.552021544150692,6.264736738239668,0.6053090782939394,4.80785555461914,0.47241455493905404,3,3
SU0100512,608.2237091711098,90.75170712803828,-0.07177927421366494,-0.2582838987425142,22.859939695709965,1.109927059550507,17.959523710945703,264.05821871210935,136.0310139033838,83.41407737391081,1538.4674166604946,2.1398500417312736,7.240421354128091,0.5801684787271908,4.176169604258815,0.5099828112994991,4,3
SU0100513,282.1497860922664,250.5646111933138,-0.1961500347577409,0.09563324280338584,11.075963417345397,0.9403215575857115,11.17749017253346,1154.4342103714182,82.71490875796569,364.4800600500131,1387.8334681619513,1.413638038769104,6.298959176012196,0.18421357868651847,5.651365641784436,0.6781257102316341,3,0
SU0100514,684.9190970067064,114.47688839318818,-0.13756238283154595,0.07266302462691719,27.10776492848325,1.0167217588928181,26.457904182931642,328.70847951931006,104.55889160273163,331.2133079168229,1458.0194990863733,1.7185118690109105,6.737621869289833,0.6790807559714149,4.395171277475583,0.5364525994382908,3,4
SU0100515,779.0029951189777,131.33522323095283,0.013694065826318172,0.11455533523827671,33.411346060560305,1.2439088929232969,30.814927619709295,384.0553473702045,191.47864026340707,394.3795998317354,1629.458798141696,2.8452384736534504,7.8091174883856,0.7811257632255048,4.550786675978026,0.5372309865983462,4,4
SU0100516,497.99694144652153,66.97699493613945,-0.15843674889977935,0.03820310718896803,17.89350231275227,0.9888140348753236,18.614377287180858,212.0263845785886,96.18303631119613,286.9131662291824,1477.938849769242,1.603001009954416,6.862117811057764,0.4282717466256879,3.956710722487441,0.5559941662852982,3,5
SU0100517,737.0656497341308,102.82399791095216,-0.035427045334897496,0.022645315609346125,30.438292694463737,1.1650499242738974,27.652197194260857,295.1861382755442,157.32155292861336,268.90428050010877,1387.3344099880774,2.4155085602364155,6.2958400624254836,0.7387059638871458,4.287606134562635,0.6645181691141934,3,7
SU0100518,713.5456242903665,198.8586662607691,0.26913476689928795,-0.17986743355321705,28.888243719554,1.7486540117676763,23.36231705207175,716.2863350122553,531.944450532267,115.64814632085252,1498.763795023091,6.666639365245316,6.992273718894318,0.7127108916253729,5.174079996253253,0.5793069575147249,3,5
SU0100519,385.38009157709405,199.54644521815234,-0.1659873740681817,0.08286687819291037,13.931855508893795,0.9789090920235035,14.979229308991052,720.8483087673037,93.32149841151947,345.59883263678887,1669.2535629006252,1.563158967788593,8.057834768128906,0.28606863886573036,5.180428725090637,0.5717866720902663,0,5
SU0100520,216.49639328830978,117.15842112420776,0.08470650048197412,0.002543837221483896,9.572370481167301,1.3674422179576948,7.072812581570111,336.9464067534119,254.3791834172321,247.29929451069154,1068.959581169202,3.6051197992756587,4.3059973823075115,0.13554473600892566,4.41992388730038,0.6494264307094593,1,7
SU0100521,574.5981711256899,126.76014683999708,0.1492433396349996,-0.08130480154882787,21.21402675974373,1.490320383778339,19.60151551796303,368.17383398711047,329.30137290648605,174.3788085608954,1389.8476611833257,4.470399591865134,6.311547882395786,0.5341110577433189,4.5085552015999735,0.578668212081123,3,5
SU0100522,870.586922663613,285.5331665682376,0.053956724835616,0.05548627906203837,40.95260341339456,1.3125112669384076,33.3920405323967,1594.2398312496591,224.93847027072206,308.3368423657277,1626.639829133572,3.253904791484921,7.791498932084825,0.8558250472275754,5.974152306783732,0.4494413059704521,4,2
SU0100523,665.9467006873568,132.28522457067066,0.0477717100194871,-0.027296115312880478,25.988635202365842,1.30173190618925,24.0541031048492,387.4380322045637,219.44175408937147,218.38644702444438,1580.1933323382743,3.187506766794747,7.501208327114214,0.6556905949323508,4.559555919113883,0.5594482772005168,4,5
SU0100524,-3.145448747833939,191.62796126083674,0.0963229428448894,0.05351140180061444,5.875480780563651,1.3887868419265963,0.0,670.0384019080101,266.4780220579772,305.8100550754981,1483.5862486066274,3.7474532508100165,6.897414053791421,0.04423353995061095,5.107335027023108,0.6813729353544326,3,0
SU0100525,606.0471632418989,208.44876451255192,0.1566737841075853,0.04351115996359185,22.749638420099732,1.5051587566896873,22.904797903244827,782.586124890734,339.23569674646797,293.32948513152826,1356.3171594537275,4.582505711143804,6.101982246585797,0.5772203909412721,5.2626039801158635,0.35493300689763024,3,0
SU0100526,464.11823763674533,229.46145918227256,-0.05296444971267087,0.09614140467380754,16.595832990681068,1.138123363624062,18.262510430436887,950.100069657502,146.66369858945026,365.2526062543463,1523.7965081472437,2.27835076899132,7.148728175920273,0.38293221237869646,5.45656731552867,0.6530452856209749,4,7
SU0100527,496.860992718281,210.39496372689973,0.07588275968030388,0.18019222471574317,17.848390161928265,1.3514485442019788,20.93668679541776,796.7722636119944,245.5574761870507,518.4278861482815,1226.9380309865155,3.500628529631978,5.293362693665722,0.42672721317754925,5.280568895940613,0.5133273380357475,2,4
SU0100528,702.7328989699307,280.4832711856121,0.03601072689631205,-0.035124499730578435,28.202381991354702,1.2814782604421853,25.354204408876555,1521.6307306596561,209.35741428668032,211.37798264288537,1621.1389389879112,3.06496379316309,7.757118368674445,0.7002557691007546,5.927537887867189,0.6194962140185347,4,6
SU0100529,485.2608978398847,201.4699752915405,0.1770790893617954,0.2268550791929342,17.394174103774905,1.5466718865398936,21.263286235877754,733.7617519546081,368.0859083203355,629.6911723873271,1618.8167934776468,4.905041879994157,7.742604959235292,0.4110414664621042,5.198184387306528,0.5535311117332475,4,5
SU0100530,540.2664683131766,216.2307762175855,-0.017350926371917524,0.022756859882686588,19.655750259643845,1.1934704787933461,20.00075476577942,840.8707266592226,169.11793207930774,269.0292875998568,1330.7397976750601,2.565526135806214,5.942123735469125,0.48648449924745224,5.334437934316174,0.6537645757192928,2,7
SU0100531,344.7667491132379,151.9127355705542,0.014638989127772072,0.23891842558663665,12.729550595284357,1.245477078589723,16.00068066973653,464.39382069034104,192.20374024356747,662.1508764033465,1432.3707224236277,2.8542143759045158,6.577317015147672,0.24228644648389389,4.740732943728193,0.4967187348831683,3,3
SU0100532,450.8529548799171,287.8283158947353,-0.4218520490259032,-0.12032856145783043,16.113754645454684,0.6959556104983706,14.138805554366272,1628.3757108657308,33.53507157532545,148.21011959912786,1937.0061934655282,0.6661945748021024,9.731288709159552,0.3656748987005156,5.995338300566788,0.597270565879331,1,6
SU0100533,350.9227091189404,177.27533115863986,0.01011818491017925,0.1015350295086727,12.904886269945793,1.237992248845811,13.950355846436672,586.8969264895427,188.75931532767217,373.55401887087083,1794.32032045161,2.8115256811562253,8.839502002822563,0.2486201756185576,4.974849210695137,0.5810841345023373,0,5
SU0100534,452.83810545766704,231.1604887363833,-0.10473790452942916,-0.12400049951868351,16.184996624078156,1.0622076814558834,14.154806886931215,965.1182814311089,119.22928236444936,145.95980155835426,1218.4145804869688,1.9172150755113708,5.240091128043555,0.3682368297525378,5.4722506652589225,0.424789728439968,2,1
SU0100535,388.63987189763105,103.44366509944338,0.0469854791062076,-0.14392821909888423,14.033143681553435,1.300368005387539,11.326080255482026,296.87944264606716,218.75271058897331,134.32995003100373,997.013391676041,3.1791639826401057,3.856333697975256,0.2897815663373073,4.293326139379477,0.4664870580328428,0,2
SU0100536,465.0652634101445,140.64578328832226,0.22792870189637765,-0.07362510711469801,16.630795726397377,1.6551720081772965,15.469897347371765,418.5223557569287,451.1116219162185,180.048943156512,1640.9477541118717,5.811056172661093,7.880923463199198,0.3841761844850266,4.636730307276821,0.5484813920255311,4,4
SU0100537,542.3851493789323,125.7002812248776,-0.008817397737115073,-0.09181153522769002,19.74851126919281,1.207127378495975,18.173674666496975,364.5894137909248,174.99027641755183,166.90953124409899,1527.2038902807312,2.6395505968706163,7.1700243142545705,0.4894253956399529,4.498771826691177,0.531100029390105,4,4
SU0100538,379.96697202551195,244.47313208053868,0.0640260720032138,-0.053767528097069785,13.765271009760616,1.3302515983095624,12.491478999374301,1091.3127450411662,234.18333418309464,195.57982985422566,1523.2788875256497,3.3649740119160363,7.14549304703531,0.27996647023786586,5.595136603820357,0.5432941982798429,4,4
SU0100539,393.8336312926107,184.58225488637564,-0.09315176322110617,-0.1133920602744119,14.196048128928597,1.078744267131071,12.036995767916885,627.8477730060149,124.88495420130909,152.5562044913809,1240.357227157356,1.9927072126702345,5.377232669733475,0.29575582497813613,5.0422977374126985,0.5213114117169095,2,4
SU0100540,652.0547187250702,134.84714203037413,0.3781063038236954,0.10628227843832788,25.198595625899742,2.0221104402749384,25.74016592439153,396.709544896294,822.563115030408,381.01655545725123,1708.6928212256764,9.586485498538066,8.304330132660478,0.6380638772345247,4.5832043879726845,0.6136194409659007,0,6
SU0100541,883.515695488943,128.84487107428475,-0.3841106078487932,-0.053535073002345966,42.14626169377285,0.7318735856517807,32.07780360786425,375.32743684980164,38.99984097685626,195.76935298809212,1589.314972087606,0.7555051407719342,7.558218575547538,0.8644631330793886,4.527798809916475,0.5621213577398383,4,5
SU0100542,599.585069974201,265.8591501735417,0.05730863616937494,0.09586955131092258,22.425283374007957,1.3183902896498558,23.526134131956532,1329.4837681256988,227.97467419153304,364.83911069758346,1349.6699613035585,3.2904646546826237,6.060437258147241,0.568435926505905,5.792546001601924,0.4623685048627171,3,2
SU0100543,840.5405061444078,186.55859978455942,-0.09348437751692022,-0.07456733922565417,38.307495010050076,1.078265965512514,30.056008474077178,639.406831681819,124.71891059835643,179.34346267680147,1396.1403005378788,1.990499093961824,6.350876878361742,0.8339817673723492,5.060540921088241,0.4932832783163327,3,3
SU0100544,319.0333955313412,82.47267385566694,-0.029250656648162874,-0.07115110443844794,12.022030948774137,1.174683940341353,9.832113641133581,244.6302186289138,161.2566787475073,181.91454881932466,1677.1454856709272,2.4657544144875247,8.107159285443295,0.21701487435137423,4.099747758667695,0.5734461322613533,0,5
SU0100545,597.757182414037,131.6971735089607,-0.018154262366996354,0.04332013243577284,22.33437724694961,1.1921928194490885,22.579225967808764,385.3406527721836,168.57537017616548,293.09610299728706,1614.591318354028,2.5586653940697706,7.716195739712675,0.5659430431221358,4.55412775546733,0.5424886538785308,4,4
SU0100546,744.2422802783576,180.51930507901628,0.11892706777765197,-0.058782265030698035,30.927616163129834,1.4312803934648024,26.574162038091163,604.7369592236943,291.6948644441209,191.53563899259996,1209.9858613490173,4.040722688465292,5.187411633431358,0.7463281308987285,5.004793585344766,0.5714687190414819,2,5
SU0100547,680.5583313663926,217.39757656749202,0.063327999215616,-0.04183043591459847,26.846343394569008,1.3290140244214252,24.380094510116404,849.9762424921705,233.53033823317026,205.55353624655817,1370.9205997687052,3.3571531253960063,6.193253748554408,0.6737783328986063,5.345208399084542,0.5941382615235025,3,6
SU0100548,626.7605349156895,143.54155909515129,0.16641362837880852,-0.10594386174571206,23.82127208275828,1.5248329115173258,21.219400884292725,429.86041748649984,352.71293595878734,157.36488903798707,1406.6362593934336,4.733723464386253,6.416476621208959,0.6050250259201021,4.663460545493704,0.6809140169873332,3,0
SU0100549,706.3447487921043,156.72939511708353,0.043107106446532574,0.018575069342860597,28.429654561412203,1.293660946357049,26.389658053185066,485.507345055921,215.38528029612172,264.3822895699717,1060.7017816036196,3.1383285674035992,4.254386135022622,0.7044505430909677,4.785194416465386,0.4774820840421295,1,3
SU0100550,540.8476089203293,156.8202540236451,0.03706538472456308,0.13553787755375038,19.681150556584626,1.283281556157135,21.903038306130867,485.9147097045284,210.24248160393174,430.4112540855293,1448.5542744553716,3.0757577153965068,6.6784642153460725,0.48729108371791513,4.786033114064416,0.46538761631017084,3,2
SU0100551,608.4732985319881,158.76948331809277,-0.023409525123285396,-0.035012846298369434,22.872622318634267,1.1838683031594777,21.690414171271158,494.73684743242313,165.06872453337053,211.47634334282108,1858.6940480017577,2.5142341634091294,9.241837800010986,0.5805061813174565,4.804025999859318,0.37074365912016444,1,0
SU0100552,480.0998974361237,179.7602133328545,-0.11717137384241681,0.10797909985539396,17.195821852304338,1.0447436053112176,19.081314342328042,600.5143779982277,113.44458781583802,383.7199217650234,1630.1212285951424,1.8393803596761897,7.81325767871964,0.4041184438624304,4.997786584610965,0.5461796305209168,4,4
SU0100553,501.27872403813507,172.72280577494294,-0.015717998047171607,-0.009404763375091519,18.02447394249107,1.1960717785892587,17.948537656342616,562.7446086974646,170.22617735545927,235.28875062387198,1469.9201437573122,2.57952861061463,6.8120008984832,0.43274169656289735,4.932825899461012,0.5701959451673915,3,5
SU0100554,685.5781716690158,100.03309040609251,-0.15759958488497233,-0.20982216353802283,27.14749633026167,0.9899183838112314,21.775448394828008,287.6786076775074,96.50566009510064,102.07838364354929,1638.6235840572158,1.6074805063736617,7.8663974003576,0.679878188839813,4.261843911440854,0.5700258634552371,4,5
SU0100555,640.9481528678987,87.08261450637455,0.26774221843202073,-0.07306210897744292,24.58427488863726,1.7454102434841146,22.319170795238676,255.26470280739255,528.9896538502918,180.47180235460897,1526.912929137801,6.635765681083405,7.1682058071112555,0.6236964161500569,4.142301056981919,0.6183507728542698,4,6
SU0100556,372.34364395670707,144.48891669667665,0.026875766190131135,0.3428967690557647,13.534041412364749,1.2659645919920712,18.80608786035691,433.6359620061851,201.84560324250532,1021.2029128393175,1548.179958856324,2.9730426428905674,7.301124742852024,0.27150904502033146,4.6722053848924,0.6785088920504575,4,0
SU0100557,767.021166134552,203.9206523721437,-0.1483793657446018,0.1271704332981882,32.53346520180141,1.0021631819833758,30.559219237980162,750.5498129558532,100.13132125429458,415.6638186935224,1260.3023453363126,1.6576519518241777,5.501889658351953,0.7695324667024719,5.220806021896712,0.6780700098941674,2,0
SU0100558,586.000955479286,7.735469425618561,-0.05107591425477584,0.07847373851075286,21.758448595585644,1.1409928232622948,22.70793279937367,122.7151568283146,147.7758122135998,339.33028003222216,1462.0761803136372,2.2927384950716463,6.7629761269602335,0.5498353111841201,3.4098658716210943,0.6072004648794859,3,6
SU0100559,396.99564981178685,95.11114576880551,-0.010716810457140806,0.003787880074789774,14.29615089590488,1.2040741355769682,14.11296216059376,274.90087450124014,173.66579921879955,248.58450140882914,1444.2585038300285,2.6228914037304905,6.651615648937678,0.2994277878214074,4.216410576327435,0.6481832917313755,3,7
SU0100560,396.9626724749696,200.3557644766027,0.010195495674543784,-0.18680591425633,14.295103269884622,1.2381198689260162,10.93511646975443,726.2536720987099,188.81769686204467,112.35258692230684,1288.955170613038,2.8122503118532727,5.680969816331488,0.29938935766745683,5.18789936439941,0.5509528812998905,2,5
SU0100561,906.6159997636535,217.65253777342272,-0.2588452237716949,-0.3732585678143205,44.366292335225005,0.8649124725021102,27.647423860570072,851.9790072427238,64.36816025758166,51.66372894162988,1617.2885748807007,1.1470375640397705,7.73305359300438,0.8788090245430555,5.347561887139286,0.5423029213657441,4,4
SU0100562,755.4278745118665,122.7533351537563,0.05253187467877893,0.10154081556334352,31.706014279850162,1.3100201248444072,29.68120871262831,354.8053210243598,223.66010223838066,373.5630248293296,1428.405817886963,3.2384870113366224,6.552536361793518,0.7579119967000859,4.471569247573135,0.5159131543815149,3,4
SU0100563,554.5473095977103,215.27396252642137,-0.0021501006767866405,0.11687956053113838,20.289532901203785,1.2179062539163468,22.124832493207705,833.4767504630142,179.7199124927169,398.2174324823797,1426.0903697172753,2.698869543501287,6.53806481073297,0.5063153719000443,5.325605807936197,0.4437283835629513,3,2
SU0100564,905.8555662603724,140.698807124741,-0.0852663125576621,-0.007896398528662122,44.29138316774478,1.0901459466167445,33.707220934647886,418.7272519970375,128.88683222596322,236.77216258868515,1510.748977544637,2.0457796384592375,7.067181109653982,0.8783583651262605,4.637219758074532,0.5190653086009374,4,4
SU0100565,546.8618985491784,177.4154549571687,0.026222899053121043,-0.2828984950784779,19.945956502622828,1.2648630625915525,15.162987803382304,587.6565397371601,201.31917746942702,75.2831449049446,1800.940209121256,2.9665796717487933,8.88087630700785,0.4956416361525579,4.976142661143095,0.5382169349172354,0,4
SU0100566,654.5120715004574,90.42341280028843,-0.07065003918738753,-0.08067790395844975,25.336576110261582,1.1115994762852772,22.71972660348807,263.2592255118919,136.64684764061766,174.8348941948769,1735.1558023213672,2.1479198654761786,8.469723764508545,0.6412106584747426,4.173139195079585,0.5031349114531294,0,3
SU0100567,686.4543976492164,137.7226705762423,-0.0678928409480916,-0.029466019824082312,27.200408587163892,1.1156935305789921,24.815459578179265,407.38053676835153,138.16223853746484,216.420855565388,1705.415220292688,2.1677516624435498,8.2838451268293,0.6809367331007793,4.609747728396083,0.3988117872775906,0,1
SU0100568,313.18056005060214,53.42516423016191,-0.16312531796421753,-0.09739200614305286,11.86668124725313,0.9826518190674958,9.167155010694758,187.09507321783303,94.39600271584722,163.07332958596066,1241.6829993455378,1.5781431590170747,5.385518745909611,0.21154066961745907,3.83161690058611,0.4912681802708265,2,3
SU0100569,187.3513934319853,113.83073295510071,0.18006305998653008,0.048430568433732335,8.972050162311154,1.5528377755949239,6.704174774028301,326.7537292958377,372.505662835167,299.40406083615284,1529.9948275476045,4.954073661018445,7.187467672172528,0.11766663182015655,4.389206765739392,0.4697777154976709,4,2
SU0100570,273.5047073719497,105.95485509027176,-0.006481474034402248,0.10418121356720018,10.865210812095091,1.2108929160651418,10.983758846140267,303.8415519018436,176.63299473317198,377.69552811321086,1644.3787867416513,2.6601834499229287,7.90236741713532,0.17710512744118215,4.316506354679432,0.6004489889986667,4,6
SU0100571,417.23976446777004,181.59573910625923,-0.04820137950558688,-0.02414277161937003,14.953976549082292,1.1453743124193505,14.43472242453489,610.7757676613057,149.48476510377708,221.2747447367949,1825.9404635135702,2.31481260241622,9.037127896959813,0.32353862117815785,5.014729899442393,0.40903998103971106,1,1
SU0100572,507.75817313399307,258.7636789677502,-0.21988372425503072,-0.07724969103195005,18.28588176107398,0.9110310498829233,17.069767438011674,1245.1973922429304,75.22360688078699,177.35019617532225,1415.3538403891778,1.3061113041901578,6.470961502432361,0.4415985797841372,5.7270493443176935,0.5321368222356813,3,4
SU0100573,262.7277112708809,218.69359392197256,0.0999430923769716,0.06100503900215372,10.608092318791892,1.3955065344557558,9.845050532792374,860.2057769963113,270.3648571355769,315.50914348898215,1360.7402121134269,3.7929483341913124,6.1296263257089185,0.16854741627276565,5.357171636202824,0.5569208632629836,3,5
SU0100574,388.10075687756427,158.38121704985167,0.3230201890756317,0.011483445311550716,14.016341573778323,1.8789133143399868,13.8953090782089,492.9668860528934,659.8950163967066,256.6844960246468,1309.9957478420522,7.97836867271368,5.812473424012826,0.2891655418971761,4.800442003537093,0.5644268272531131,2,5
SU0100575,306.6767333086043,102.06432448652424,-0.15616847039231863,-0.05331713426348202,11.696406168982984,0.9918091025216693,9.648809613165467,293.12342454249676,97.05968692897667,195.94720758671164,1649.9150392942722,1.6151671213381606,7.9369689955892015,0.20557691496153857,4.280593764490993,0.5962718558413471,4,6
SU0100576,644.1391590845191,108.56990323661475,-0.0811971533153473,0.032640132825982604,24.759224615168836,1.096076657344894,24.204969511497673,311.26519337559125,131.00184233636205,280.339271455228,1399.468802337854,2.0737173589334814,6.371680014611587,0.6278479070661522,4.340645260645674,0.5277306847759121,3,4
SU0100577,629.4445646553909,157.32977572191538,0.03390893836530379,0.1911274147223482,23.96377888016694,1.2778920926193624,26.274967759748783,488.20548413780193,207.60469226341183,542.595565774234,1472.5025921620804,3.0435658182227523,6.828141201013002,0.6085827323151507,4.790736391279219,0.6443470247775366,3,7
SU0100578,650.6866121153245,84.62927042336017,-0.1653205543895286,-0.10003150596838757,25.122102263275455,0.979779820173487,22.248398705011713,249.54887902200167,93.5707451152925,161.28968895833495,1363.2264132907546,1.5666373159434634,6.145165083067217,0.6363067734868141,4.11965480390794,0.5427768203114549,3,4
SU0100579,660.635928654728,261.585297085807,0.04622626330876234,-0.05348154672638517,25.683727476250848,1.2990523248472805,23.41114922446634,1278.0554856835317,218.08939624176978,195.81301954235587,1166.84140101922,3.1711285828717983,4.917758756370126,0.6489994429956139,5.753095050022834,0.555647166033387,1,5
SU0100580,554.6386348650984,191.89036898003224,0.3159360446554999,0.14887158554316865,20.293650979100022,1.8612495431089398,22.661584448251084,671.663352947362,641.4583003696531,455.00038863640725,1625.6097469199976,7.792175964915939,7.785060918249986,0.5064421919045091,5.109757252123375,0.4730338295942721,4,3
SU0100581,457.6609451445862,173.83510054964736,-0.11631106860155303,0.060055742998214166,16.359390914578494,1.0459426907647509,17.409965805593032,568.5522604297589,113.83564818628139,314.2636434668905,1557.1054158745128,1.8446626919643594,7.356908849215705,0.3744917492339062,4.943093235842898,0.46293537655562467,4,2
SU0100582,765.4270076373024,186.65017169757593,-0.25936067201133767,-0.0061611430013963344,32.41841688352264,0.8643182532364873,28.27503124698293,639.9475374665888,64.23558315823668,238.49028382695724,1544.9930329476647,1.145068461164572,7.281206455922905,0.7679580097489147,5.061386200285316,0.6278233889148593,4,6
SU0100583,489.2542474372091,233.81598738406848,0.028071298015532355,-0.15780655308450953,17.549218846482905,1.2679842025162713,15.007555960038527,989.0678762574183,202.81316627336153,126.78245887442598,1273.5733162427978,2.984914172157449,5.584833226517486,0.4164226188613854,5.496762960468324,0.639804789611948,2,7
SU0100584,765.2771521087184,200.989099976307,0.22435600817700427,0.1267931818849928,32.40762294977214,1.6473061942965201,30.485108946755595,730.5119123986725,444.7107330491221,415.01095792506106,1609.3805967167555,5.742262868409805,7.683628729479721,0.7678096209257469,5.193745538242834,0.4770950809013063,4,3
SU0100585,861.6571751858219,214.85959309353774,-0.05787581619174324,-0.08019240063663576,40.14795481190105,1.1306947254309188,30.78346124661581,830.2948339367812,143.8105394804607,175.188931011334,1541.0854050422172,2.241355042580573,7.256783781513857,0.8495950819510634,5.321780859324964,0.41631527321292366,4,1
SU0100586,675.9411895635153,118.01789704488826,0.05559121632364301,-0.06259444048297913,26.572299742835924,1.3153747707117662,23.85447225275372,339.63024501781615,226.41392832222277,188.51730970030766,1457.6930059640474,3.271681439426085,6.735581287275297,0.668115329127694,4.427857511183584,0.48944721017879483,3,3
SU0100587,520.9787023874558,302.80967049112803,0.20775894405729609,0.0425374745994548,18.83107117235424,1.6112526587878004,19.580351891725304,1869.8766172851083,416.1458402008215,292.14185161111703,1495.9529175096077,5.433208337567584,6.974705734435048,0.4597797314009993,6.1336277276104125,0.6175360952554309,3,6
SU0100588,753.3946709393601,126.0618051565106,-0.01161583014483033,-0.21863498754816962,31.563082352669817,1.2026316851394845,24.265876299616735,365.8081335505303,173.04240488784873,98.39804000544328,1679.6963376417432,2.615043065918856,8.123102110260895,0.7558334353908357,4.502108970675483,0.7152019406160685,0,1
SU0100589,564.4148724321553,41.874341881303934,0.09133357748655466,-0.10849069993788964,20.73935389783652,1.3795786180693066,18.752400040063435,168.17312000682432,261.2125150562896,155.70378948602763,1393.8640893336865,3.685643946062551,6.33665055833554,0.5200099632626521,3.7249939250581905,0.6001261111832803,3,6
SU0100590,595.8197425922904,148.2729296029909,-0.09744084489024965,0.015100326626499929,22.238425037266474,1.0725927770425816,22.033550989030733,449.0502221360555,122.76066176257697,260.58211379070195,1434.4855115980213,1.964420289442033,6.590534447487633,0.5632971071443509,4.707134734796839,0.46126102931175944,3,2
SU0100591,490.1386273338952,202.07352051158696,-0.026715520022945003,-0.16962103178978222,17.583742040170286,1.1786613043687937,14.845040533155107,737.8610840981612,162.9002287606666,120.6924652688199,1658.2503394200862,2.4866794507588525,7.989064621375539,0.4176170926314704,5.20375557395311,0.33089508504453335,4,7
SU0100592,469.65427209488166,139.68710045399547,0.022226831680712225,0.06739941693632825,16.801260913850328,1.2581416805361008,17.998767530406425,414.83503171762254,198.12681921019163,324.02831498450695,1680.2823693217656,2.9273261773712154,8.126764808261035,0.3902253297486429,4.62788092726765,0.49300761013182726,0,3
SU0100593,655.5848207200268,192.72819521229496,-0.25673090627748346,0.22806483065209315,25.397047698675845,0.8673541786751847,27.90715687220259,676.8779883918672,64.91484764972739,632.8732263240862,1269.795979641568,1.155150123297433,5.561224872759801,0.6425805915322859,5.117491032728877,0.5835597817847773,2,5
SU0100594,620.1927899555945,197.91639085139002,-0.07418653232424112,0.09927031813686027,23.476125713917764,1.1063702628009062,24.38422491166524,710.0831454151231,134.72745294470633,370.0456311883928,1250.3412041691047,2.1227481766049374,5.439632526056904,0.5962730566406717,5.165382069397446,0.5447336969060862,2,4
SU0100595,448.5025582205575,135.97563376564295,0.06431216811803186,0.12929742512636197,16.02981025012667,1.3307591348582404,18.207834349572156,400.8636059901663,234.45148335496253,419.36399726830143,1445.0790781061014,3.368184562520383,6.656744238163134,0.36265140920040856,4.593621234759781,0.6124544871940623,3,6
SU0100596,558.9533197800278,121.97240639952945,-0.03869281398615957,-0.03593830689499379,20.4891661544321,1.1599879084938958,19.749212876528958,352.25687728285317,155.27981447072943,210.662442658108,1388.5344139991284,2.389356190701208,6.303340087494553,0.5124326031398739,4.464360674457195,0.5842786342924667,3,5
SU0100597,592.2363137868567,76.60776961248783,-0.24772889928590364,0.05096213438469052,22.062039789618733,0.8778274779226838,22.491892220344823,231.73863910376252,67.29489657915217,302.5789474126057,1369.5541713928744,1.190337645247604,6.1847135712054655,0.5583938676124326,4.04561018103835,0.574163292408026,3,5
SU0100598,690.5676840596539,97.38806556863865,-0.21173058818642776,0.20093180188743542,27.450177417832677,0.92098875632711,28.81538441155491,280.7398100655533,77.71728161528637,565.2204551770259,1556.2513252739934,1.3420943917654082,7.351570782962459,0.685880855611618,4.237428297556664,0.5164607474661383,4,4
SU0100599,381.89071852367255,146.82134482102683,-0.17858585041699654,0.10600946089087082,13.824243399649031,0.9626027481214854,15.229241179657336,443.0734203139116,88.73519507040108,380.58368485864327,1375.7198154229886,1.4988735089586895,6.2232488463936795,0.28212596635505843,4.693735490655632,0.6374827670573014,3,7
SU0100600,477.88679444139797,112.18223806487454,-0.06394523820207021,-0.31490001330017,17.11146030136809,1.1215814321767905,11.947264006607089,321.81919763892796,140.36119257053662,65.8853830072263,1480.6770277321589,2.19646490363562,6.879231423325993,0.4011612445375516,4.373989889829611,0.5363904647095874,3,4
SU0100601,698.4536943786342,57.39017968108034,0.17427995412953215,0.09847191539971872,27.93546695720782,1.5409101867186918,27.414397815831087,194.06963601933327,363.98760560384795,368.81665384109044,1700.3269701917861,4.859488475565504,8.252043563698663,0.6952421650961722,3.868217043209972,0.545782289919669,0,4
SU0100602,732.501430138496,84.36913773105117,0.10695713478067996,-0.09253953145199342,30.131126295482236,1.4086186073228464,25.554952314519397,248.95037491093274,278.05767025105064,166.40400871795578,1235.77570681233,3.8826728005706133,5.348598167577064,0.7337820731246647,4.117253579055857,0.4600687585468512,2,2
SU0100603,550.9956049532688,126.42055146585578,0.056411029754369985,-0.21698850660048208,20.130024474069046,1.3168133726966362,16.422242860396857,367.0215167451817,227.15761574302635,99.07540456581036,1159.6643930214623,3.280634227831984,4.872902456384138,0.5013827811319772,4.505420475069438,0.6597909947314862,1,7
SU0100604,712.6840232922582,111.79570566560251,-0.00044994652058092706,0.12234084722415886,28.832985215921003,1.2206702233547824,28.365615026212687,320.6729955520754,180.94628403229487,407.38290027673327,1567.072097326497,2.7142079461024577,7.4192006082906055,0.7117298039287595,4.370421898451715,0.5618578476946783,4,5
SU0100605,747.1277346362674,132.50368911192066,0.004676767299694305,-0.002141836595086996,31.126564934003046,1.2290428426408802,27.630381292603396,388.22012641855395,184.695231475772,242.51793850394617,1456.3580723726332,2.760989760531031,6.727237952328958,0.7493510256956808,4.561572514879268,0.5188155590863399,3,4
SU0100606,563.1162828091283,182.2364872390593,-0.15726414638017885,0.09621550918805369,20.679591480792414,0.9903612251579199,22.11366948460033,614.3989652024972,96.63523386102747,365.36540227974575,1343.7783667573988,1.6092788811183338,6.023614792233742,0.5182090030199283,5.0206444975913165,0.5325413244362261,3,4
SU0100607,496.8495149103907,203.27673482284902,-0.3178655910325999,0.10690917779153498,17.847934922415277,0.7994583940350213,19.714856320818555,746.1018862312698,50.83258753705839,382.0131023885119,1391.6815443820537,0.9421865667805762,6.323009652387836,0.4267116142017985,5.21486216759553,0.6475970635821644,3,7
SU0100608,463.9303135870922,176.82516692728933,0.28706790601026355,-0.03328058505524021,16.588903868407062,1.7909697053750004,16.09816911079958,584.4632171973732,571.5040809853075,213.00824962711928,1698.2159815477535,7.077303828788153,8.238849884673458,0.3826855451139781,4.970693848559594,0.5531236068451648,0,5
SU0100609,624.7753894528281,184.54730831173936,0.1271777439450186,-0.08226379354236615,23.716417554029032,1.4471126932907363,21.536868586348326,627.6452721705003,301.4821998487386,173.68341597242969,1342.5522363169302,4.153393924507783,6.015951476980814,0.6023864981666952,5.041975153646825,0.4989139047698383,3,3
SU0100610,567.9478677383364,165.6467789392286,0.10654123147067647,0.1565678039785824,20.902821514016413,1.4078376916780353,23.307436033911678,527.1624359561696,277.59547439350564,469.82761456841047,1343.8658660423987,3.877293808435123,6.024161662764992,0.5249069617514789,4.867508728669803,0.49128409667088546,3,3
SU0100611,291.4769047036863,311.9742443993417,0.045700424868274026,0.05757627840618933,11.3079298096923,1.2981418551930584,10.905928711913177,2034.9444382963072,217.63115917601087,311.03366690243047,1285.5666583950324,3.165575113644267,5.659791614968952,0.1921283717780719,6.218223794455462,0.5499064008794501,2,4
SU0100612,641.6646371943554,163.57075011526237,0.16135584372395917,0.2774197350771396,24.62344883901876,1.5145844712912548,28.188398142177256,517.1564219338618,345.64884985311585,777.3693278242175,1348.4699476649678,4.654585265816129,6.052937172906049,0.6246301679206652,4.848345385679345,0.4682330203218643,3,2
SU0100613,392.0039082048562,284.40294540107186,0.15635329755445265,-0.016263338135237816,14.138443460025549,1.504515716567482,13.584651905712667,1577.6938891797668,338.80109345840646,228.6599787321863,1505.84954630414,4.577612886882848,7.036559664400874,0.2936429929683801,5.963719496009895,0.48467650990426236,4,3
SU0100614,710.2048883937731,155.30638143294402,-0.039011480918249894,0.07305477258351081,28.674575615487175,1.159495146801798,27.447769647260802,479.1716603431847,155.08201039637507,331.75438329318644,1469.9208099066846,2.3868195088442254,6.8120050619167785,0.7088957769391686,4.772058905534868,0.5312027205201724,3,4
SU0100615,551.9035369952335,231.69810189654999,0.24697396132257496,0.07025834786952984,20.170680350526062,1.6977411209350322,21.24499890319569,969.9196648019212,486.82068173664874,327.91129053651076,1628.5302757798827,6.191928182222696,7.803314223624267,0.5026437767434232,5.477213248275846,0.53401167503191,4,4
SU0100616,422.59638462963096,222.50910509528248,0.025686123690085702,-0.1707154378499699,15.13304638313412,1.2639581233567543,12.200157660319482,891.0421558736306,200.88738848439738,120.14335750375619,1447.5088602519043,2.9612764612838935,6.671930376574402,0.33008561439483647,5.392391739341069,0.5433682381214757,3,4
SU0100617,458.11758393487384,276.3128136452383,0.0719758555353325,0.16478099014663775,16.37600007908986,1.3444268755124618,19.173144766577945,1464.1664109238225,241.7498278276275,486.18414871009134,1542.1480418643455,3.4553353628298478,7.263425261652159,0.3750861969468214,5.889041356725277,0.5565110269140062,4,5
SU0100618,381.4123928301551,180.77541965777684,0.001958088851316029,-0.16405366608410799,13.80955678254665,1.2245957446122437,10.709587508659789,606.1683300866665,182.69760518798768,123.5249374038543,1413.6756048367367,2.736081980207994,6.460472530229605,0.2815880795600446,5.00715771991794,0.524137392118691,3,4
SU0100619,624.4263179300299,209.9877572790709,-0.08719777229478072,0.05626435230502618,23.69802751879097,1.087342127803804,23.83209601347382,793.7829547905516,127.89490996728128,309.33808384909247,1470.8673713042372,2.032650810138638,6.817921070651483,0.6019219140344977,5.276810067191423,0.3204303980116035,3,7
SU0100620,462.7536342487224,250.13426160925462,-0.25227086349415195,0.013522944049864826,16.54558315279568,0.8725274611307142,16.832468177170284,1149.8573659835013,66.08333162683336,258.8750726123823,1753.641794269646,1.1724518116481382,8.585261214185287,0.3811424252910911,5.647393184085427,0.48915096375916156,0,3
SU0100621,550.3868344769835,95.23894328018513,0.2440846712495358,-0.009999915239593715,20.10281052030632,1.6912133473394126,19.84837830900057,275.2253579872566,481.2268040184314,234.70600455822344,1507.4602948470429,6.132580174874531,7.046626842794018,0.5005372699001376,4.2175902456632475,0.6583440372404499,4,7
SU0100622,669.0661110361866,123.08413238771192,-0.09709168861309737,0.05939175654279583,26.169414879784608,1.073092229959552,25.620211371564963,355.89037943618195,122.93223216702322,313.39540005502926,1400.1406311899295,1.9667079193344472,6.37587894493706,0.6595924110660926,4.474622760501957,0.38062053503035786,3,0
SU0100623,540.416656244966,83.78617702688739,0.24244226303455887,0.021214516531578322,19.66231147999921,1.6875138492819133,19.980889685052762,247.6143271731324,478.0756827820382,267.30593298626405,1355.1719909210278,6.099097910884452,6.094824943256425,0.4866929435210136,4.111872403325115,0.49410940682700377,3,3
SU0100624,209.90843418269435,108.53497735926726,0.15244848038110487,0.26781433745908695,9.433252668012424,1.4967029274809742,11.237789175867341,311.16485991938913,333.55038103736257,746.8714431106274,1616.2234421118333,4.518416503005463,7.726396513198958,0.131313171342356,4.340322867931698,0.5426365969103177,4,4
SU0100625,472.24731238229504,117.82777211753645,0.3089648849009611,-0.022649844223724985,16.89835449009371,1.8440296051663096,16.598786966693833,339.0347168941476,623.818549237106,222.6554811093323,1838.5007728100006,7.61319517961547,9.115629830062504,0.3936585479439412,4.426102511854182,0.6614815607688049,1,7
SU0100626,236.65664235767076,136.71309427564603,-0.10035676862607334,-0.009581563692688736,10.0109693566176,1.068430741420976,7.654732252364606,403.601725016309,121.33713677156385,235.1154847604263,1490.3497195017994,1.9454191164889856,6.939685746886247,0.14921180120218958,4.600428562544425,0.7896991276318515,3,2
SU0100627,356.09898259454343,194.88304581818534,0.09247616137017046,-0.00018864053630354192,13.054186020787157,1.381681932197977,12.456260869738298,690.4765154926564,262.4090761559444,244.49967942415137,1517.6288924450173,3.699707902390248,7.110180577781358,0.2540309740557178,5.137381961398634,0.4664152884554731,4,2
SU0100628,569.1675150284827,213.24093475133418,0.04914008764066929,0.06842410846945098,20.95955184620847,1.3041090885308397,21.885805170042957,817.9812361965462,220.64616399936216,325.41472701672774,1726.017264101797,3.202079018525443,8.412607900636232,0.526596421311015,5.306839397704623,0.6249573233531474,0,6
SU0100629,562.8330304295387,103.83570712758693,-0.09000079120666792,-0.02635573823008984,20.66657881330792,1.083285924870293,20.059799990647228,297.95575099017736,126.46895147717072,219.2438156562102,1540.3753330146317,2.0137473964955808,7.252345831341447,0.5178161075233066,4.296944988870033,0.5117333790800485,4,4
SU0100630,381.5680241468167,102.76708520717808,-0.24767666385832965,-0.028194084452948263,13.814333607424265,0.8778886183099827,12.979966198160401,295.03110354505117,67.3089587589744,217.57087251893577,1264.8535292687511,1.190544922611973,5.530334557929695,0.28176302163627753,4.287080786527798,0.46995794526740864,2,2
SU0100631,479.0976628880255,93.1653748895568,0.05696282827480454,0.08882676763268246,17.15756614334735,1.317782550074337,18.723133017301258,270.00746705227834,227.65955041796482,354.2884924985842,1412.0916768359361,3.286673944350302,6.450572980224601,0.40277835818684415,4.19844961436514,0.5150378153911999,3,4
SU0100632,646.737358625034,133.59031867974585,-0.11741008673959426,0.14357981738235484,24.90259233910058,1.0444111331938373,26.155005347346123,392.1337347398306,113.3363167705476,445.07786264357856,1641.4700381940459,1.8379173291115927,7.884187738712787,0.6312143144631306,4.571602941659193,0.5981240001875137,4,6
SU0100633,716.6160318509367,51.47688285112142,0.2030753320189661,0.04704745399004906,29.086025880795937,1.6012220346208221,27.263636582926136,183.76040544827967,408.4221529459407,297.68356451712435,1661.7250214409175,5.349043572315426,8.010781384005735,0.7161908387989372,3.813632764779582,0.5809729423293091,0,5
SU0100634,558.8064684424281,162.10490119646644,0.055071656532930814,-0.03740974906854625,20.48248088652296,1.3144638651406944,19.71897795495199,510.2059524743772,225.94387464053727,209.37482055908418,1638.860176010418,3.266020229323162,7.8678761000651125,0.512228766996752,4.834814472582767,0.423083468435824,4,1
SU0100635,452.51634487703,312.913511150982,-0.09391206953585886,-0.02864204676761736,16.17342810731539,1.077651253137233,15.7316015213131,2052.6644277620608,124.50572787275652,217.16515314437868,1358.7870506639879,1.9876633805414674,6.117419066649924,0.3678210728538046,6.226893949085988,0.5768676538308659,3,5
SU0100636,417.4723197744049,167.93528923754175,0.12732998040526058,-0.0838516102577779,14.961706605431571,1.447406460856481,13.448618931375004,538.4170464366302,301.6658420888768,172.5381360508135,1626.1777790824353,4.1555021193329305,7.788611119265221,0.3238214488174706,4.88863343911577,0.6157783452448286,4,6
SU0100637,739.8920970494729,189.13516466967263,0.48618886154651786,0.12654404358504984,30.63007709712515,2.3355602903918946,29.49376005611922,654.7965632609965,1267.4413296964426,414.5803684372753,1551.9804199050923,13.744373474174031,7.3248776244068265,0.7417254691388647,5.084324596950824,0.47992604687346124,4,3
SU0100638,532.5293573426546,272.7112534985022,0.2564301923439403,0.1773994920528275,19.32068627531905,1.7192822773433605,22.277244319761472,1416.2901849612383,505.58732301912676,512.4302223444682,1625.6307690767392,6.390211125405097,7.78519230672962,0.4757542494154119,5.8557961861400205,0.44954718349635425,4,2
SU0100639,637.6891272086207,99.30884542655515,-0.22312067900711377,0.028699042149268626,24.406871881376855,0.9071075676812097,23.888450093934168,285.761793286811,74.25590357662125,275.7733526445289,1583.7119115631601,1.2920943167928045,7.52319944726975,0.6194376016081345,4.255158573168202,0.6222701678784645,4,6
SU0100640,639.4845232694969,214.55308907327864,-0.14769788774885645,-0.012597202162159963,24.504444178819316,1.0030741986881453,23.270000313333323,827.9490274550287,100.40464277873762,232.17970391212762,1258.8613142984818,1.6614217430186122,5.492883214365512,0.6217861014241345,5.318951591445649,0.3897304696479844,2,0
SU0100641,683.3156877717533,131.04691440358766,0.13087477532145803,0.13300170934560462,27.011348268394272,1.4542636650986587,27.401194124661597,383.0346150147849,305.9736849276093,425.88688759727506,1400.9092280602883,4.2048946982225255,6.380682675376803,0.6771363831946331,4.548125363725425,0.5972248875644239,3,6
SU0100642,430.9917888495445,60.017873149256445,0.01849641066636876,-0.05650486556589129,15.418025447699401,1.2518993535252816,14.430155140272987,198.83447113131805,195.19238123628764,193.36180284810368,1429.585758306059,2.8911510274344163,6.559910989412868,0.34047981639962627,3.892472675223906,0.7080274494276421,3,0
SU0100643,275.34574310811905,204.8866237991456,-0.1492210855717127,0.10899136911207892,10.909753513830328,1.0010390920535153,11.135523939405946,757.2721357372164,99.79475808236263,385.3417892075387,1547.7489977880105,1.6530075419763879,7.298431236175066,0.17860066754622075,5.229722681222882,0.5803475479344491,4,5
SU0100644,379.91986883159325,130.236785636259,0.1390875761018829,0.21249572660730753,13.763830222435539,1.470275945894248,16.927368120239308,380.1809227926444,316.1922151355225,593.1212582824961,1576.84925075587,4.321598053624094,7.480307817224187,0.27991372155916144,4.540647252027006,0.4782063423382854,4,3
SU0100645,611.0089340431723,337.7856828819446,0.015363421607836754,0.17542090312723194,23.001867516094222,1.246680678512605,25.29625137602168,2582.422592294785,192.761502504366,508.223051870415,1381.547301465806,2.861114989595707,6.259670634161288,0.5839326543300164,6.456483226602566,0.5466331158690891,3,4
SU0100646,661.5217371025976,205.82634003708617,-0.11495830201667412,-0.09714209485567195,25.73433474200514,1.0478309482629475,22.717921528617598,763.869516728339,114.45328997373537,163.24322580071407,1658.1255044964255,1.8529994675242143,7.988284403102659,0.6501196550376447,5.238396984957719,0.6453240650120117,4,7
SU0100647,822.1858404619456,297.2554814114364,0.020192915448389467,-0.037343909307791204,36.77644001808862,1.2547343630410832,29.962606418390255,1776.42516560885,196.5214649624464,209.4322667221179,1716.158550204555,2.907546848199841,8.35099093877847,0.8193786648070004,6.082358289951721,0.6070455425481269,0,6
SU0100648,373.15805343983357,112.81368174127076,0.07378953020344636,-0.021272959378079954,13.55855748285404,1.3476819469763002,12.76826386635886,323.7004660494998,243.5100271203413,223.93653129165165,1495.7712072414884,3.476288148966572,6.973570045259303,0.2724048784195508,4.379818600688653,0.6358026691768156,3,7
SU0100649,686.6266860973064,266.44176114719806,-0.28973041595600496,0.030407750066544097,27.210824616955986,0.8300185564483924,25.82005584933765,1336.6529223534644,56.887653757632584,277.74375905285353,1611.150163583553,1.0348246031628832,7.694688522397207,0.6811446510507442,5.797923949051059,0.4278731314649853,4,1
SU0100650,432.11878456420504,125.36846444862027,0.0032547256589874275,0.19534247624328765,15.456687281866632,1.2267147169988273,18.67143844821832,363.4744125467858,183.64763650770942,552.2092134515723,1823.614304746384,2.7479332551053433,9.0225894046649,0.34188716530437585,4.495708902602649,0.48485699575413743,1,3
SU0100651,644.7803050888433,216.32186038925047,0.05814386572721216,0.047877556168708084,24.794525930487826,1.3198593188673566,24.483860022933488,841.5780086918418,228.73759265129675,298.71496289923283,1548.5988003922125,3.299638396853389,7.303742502451328,0.6286797879924533,5.335278711285389,0.6850056096645136,4,0
SU0100652,748.4439725862503,111.08999665611263,0.11935816213208239,0.10708480494137425,31.21774258402035,1.4321033191441948,29.50201234959931,318.59084483082063,292.1982904046688,382.2927541660161,1550.3947659442863,4.046533304801307,7.314967287151789,0.7507219707654278,4.36390766144104,0.6405139496402183,4,7
SU0100653,583.8533261738266,193.0304018699563,0.018186081701556493,-0.24218929029596026,21.654853592188182,1.2513814598370405,17.28003006849392,678.7688433101818,194.95023615820998,89.19972504269059,1487.1362569750602,2.8881618807141063,6.919601606094126,0.546880402786968,5.12028063264575,0.4965399540436344,3,3
SU0100654,336.4393639253397,273.211188508069,0.07563112778016866,-0.003579729713345737,12.496152647390423,1.3509951968371872,11.635201990763004,1422.8411632941622,245.3104401548977,241.06930373777112,1409.6314638236117,3.4976935280088477,6.435196648897573,0.23389481385352304,5.860410970843714,0.5736935667702993,3,5
SU0100655,728.4584967971524,126.24722016944884,-0.0007242558414915011,0.1041679798621407,29.861631750731867,1.220223850029302,28.67618565092494,366.4347587453295,180.74785190658963,377.67470239063016,1190.2398193465392,2.7117273052517823,5.06399887091587,0.7293714843304341,4.503820493871835,0.5453944190075677,2,4
SU0100656,472.72755330144304,171.3010592459228,-0.07524428345578545,0.016514952624875474,16.916398074884043,1.1048110100637432,17.270209616581823,555.407503768105,134.15862468753062,262.1225919687034,1807.7803552676348,2.115276891326364,8.923627220422718,0.3942955584274361,4.919702085346979,0.524086202085716,0,4
SU0100657,602.5079816369392,309.65851719659236,-0.0825023367558833,0.2177610418714763,22.57141772960636,1.0941708746195948,25.671327761516682,1991.9072006602848,130.31969878947461,606.2774226491937,1500.8516810603371,2.0647150174539703,7.0053230066271075,0.5724149645902727,6.196847851045468,0.6925516980691941,4,0
SU0100658,685.0362024903375,199.96204356785742,-0.00984460228298798,-0.07488497278550527,27.114820219618434,1.205475221182388,24.003324994865814,723.6190049004592,174.2727482936399,179.1062634144951,1512.1266479942965,2.630528190872285,7.075791549964353,0.6792225217149225,5.184265017549453,0.621788916721602,4,6
SU0100659,547.6399424205993,159.41951767097925,-0.037617380126665934,0.11909719362996639,19.98047262012061,1.1616524219559827,21.89317321018941,497.71434944451624,155.94922593466487,401.9140688909292,1696.0258328159769,2.397936876612111,8.225161455099856,0.4967221892079659,4.810026316962885,0.4966279588985304,0,3
SU0100660,429.65418565945185,204.65832977836232,0.2291298097135882,0.1375188369975072,15.37226415961224,1.6578248518949958,17.611865614492693,755.6779941653135,453.28417145175325,433.9785696333695,1299.703646051214,5.834368492520735,5.748147787820089,0.3388131152178093,5.227615351800267,0.5288739224006511,2,4
SU0100661,382.4913601558878,162.6116860755082,0.24066149940530315,-0.17071207785396206,13.842707755463525,1.6835118511882443,10.64057381960738,512.5982945420774,474.68242316417144,120.1450395205368,1240.9815530751696,6.063001642637192,5.38113470671981,0.28280228238971433,4.839492486850845,0.4837156677253118,2,3
SU0100662,601.7159084636787,220.34906334164918,0.06561726522922998,0.14108224838772196,22.53172330869224,1.3330768440339005,24.362545024493983,873.451751647399,235.67861142527934,440.4701598841524,1217.9063049225713,3.38286917390941,5.236914405766071,0.5713375968012578,5.372452892384454,0.645066923068715,2,7
SU0100663,493.82284239166756,227.5471301373164,-0.19851381401448065,0.0005948036410884211,17.7282936032249,0.9373626061171314,17.825246153694103,933.4585748973873,81.93651531530467,245.29911624458651,1537.803323294242,1.4025433774764564,7.236270770589013,0.4226033775796619,5.438896585882921,0.6424600829998734,4,7
SU0100664,264.6541679306022,181.99891565476878,-0.16278529367132144,0.06065952530499301,10.653603065585513,0.9830974207233774,9.914209730162193,613.05308392056,94.52447780164522,315.05525057760104,1624.3546458329802,1.579932863102705,7.777216536456126,0.1700525861298028,5.018451529120942,0.652973619400647,4,7
SU0100665,453.6946982244926,240.26972156977138,0.20413523812155795,-0.19718963638265602,16.21583474564469,1.603486494328523,12.968299880130445,1049.7799937269447,410.1573852427589,107.59525143106134,1597.9751872157522,5.367975275420115,7.612344920098451,0.3693446135549208,5.5563358914132746,0.6266809003024085,4,6
SU0100666,503.4292504502613,101.29971746086795,0.14144336341644947,-0.1439410593069308,18.11081811146348,1.4749014164041006,15.789897640172423,291.06186919325074,319.18582403316714,134.3227634544774,1471.4637704782556,4.355667532207115,6.821648565489098,0.435676816366463,4.273535853484935,0.5467900753757338,3,4
SU0100667,678.7968493067199,139.2689486316854,-0.10268755332417825,0.01186985745157331,26.741461354399057,1.0651155194374715,25.206597319454218,413.23691158439624,120.21115082237485,257.09810392269856,1661.0224764191598,1.9303631688162266,8.00639047761975,0.6716237099569955,4.624021064292481,0.7329960000522519,0,1
SU0100668,278.6533840398206,200.49723115612758,-0.1629802539351438,0.12225734918480911,10.990239053485727,0.9828419006923083,11.485254087962065,727.2026672353621,94.45079246828412,407.24119295609603,1349.8328724305227,1.578906449562546,6.061455452690767,0.1813123792451172,5.189205210671947,0.49602814254541416,3,3
SU0100669,443.9312453684807,175.04706898321274,0.04847963952880612,0.05804416723302163,15.867796156575057,1.302961198839159,16.842506773769053,574.9485949811337,220.06403190439664,311.6406299315326,1499.0771926107548,3.1950374155856176,6.994232453817217,0.35680217057670227,4.954280636768118,0.44360871820475356,3,2
SU0100670,681.001507055834,176.5576868619032,0.17426021850220483,-0.0849286535375924,26.872795632958482,1.5408696394799242,23.67902549321145,583.0219302207909,363.95887264304514,171.7655748514596,1243.6360436238408,4.859168802568681,5.397725272649005,0.6743192706258627,4.968224801802183,0.547277919785354,2,4
SU0100671,783.2714838911677,190.4612388800433,-0.02995046987592848,-0.10444164211889198,33.729778267808975,1.1735883724029377,27.330974782674986,662.8609780301728,160.8059117198962,158.35296405259433,1781.2426346689317,2.46000922617178,8.757766466680822,0.7851530391234173,5.096565281969631,0.4676317924092177,0,2
SU0100672,419.4290336269168,217.05222274546148,-0.27840310348301844,0.15295087984576075,15.02690553914905,0.8426495391403054,17.471421527365,847.270933402668,59.524475807003,462.8001561353937,1599.870898274777,1.0746442268726137,7.624193114217356,0.3262062384659607,5.342020517650414,0.6219384857448889,4,6
SU0100673,650.4610621509378,169.52697136533595,-0.15947230652331343,-0.016809052946995275,25.10951366444612,0.9874496784557778,23.62666820119766,546.3861113822245,95.78544802481848,228.14063965703815,1343.9621901195785,1.597477216062722,6.024763688247365,0.6360167413356186,4.903325889526178,0.5888924248061107,3,5
SU0100674,695.2203694986583,275.9925610278835,0.05576514608292948,0.11094904279142234,27.73546536148257,1.3156798498416138,27.496609527027083,1459.8444657492967,226.57150361013942,388.4978665541806,1452.4568420431772,3.2735787986023848,6.702855262769858,0.6914228815423213,5.886085178718925,0.5117378289593445,3,4
SU0100675,635.2609403470243,154.87926327340094,0.04037786832414866,-0.12734306272025053,24.275527796412728,1.2889618897425226,21.19331885704677,477.2861834904542,213.04671763864624,143.9410592947216,1358.9395708037919,3.109907224556389,6.118372317523699,0.616252474671284,4.768116276369855,0.6008327440814633,3,6
SU0100676,709.6042135730972,115.93234901716576,0.1005921465759631,-0.06392828076423296,28.63632538207831,1.396714736340567,25.141359181772124,333.15448409973027,271.0676948835139,187.4724991554685,1502.6408281920496,3.8011633144088175,7.01650517620031,0.7082066483502403,4.408606298619992,0.6633555532632518,4,7
SU0100677,695.3477021241307,231.73167922144253,0.286318553768545,-0.08446552092597573,27.74331453776641,1.7891811761312888,24.244651956061045,970.2203326965894,569.7936142930927,172.09735419927227,1342.2600040011926,7.059647910506553,6.014125025007454,0.6915737907824777,5.477523192813315,0.49223021838171277,3,3
SU0100678,504.1898103868093,26.95421007102692,-0.031114235504521554,-0.06534848782738943,18.1414536881037,1.1717687421036105,17.12935116236387,146.5357801034001,160.0590897482531,186.36640103621974,1625.401562783648,2.450484797841415,7.7837597673977985,0.43671594829137594,3.587269631424864,0.5781935503208032,4,5
SU0100679,441.87460700151934,218.34745494858876,0.10848945897356543,-0.09222549477496929,15.795440917864635,1.411499496452189,14.25803202603182,857.4616947679219,279.7672019933068,166.62188857467896,1421.116119138813,3.902555246149602,6.5069757446175815,0.354184332495667,5.353976507217743,0.37197094503216144,3,0
SU0100680,353.68120461352873,131.73947857246742,0.011124926490903266,-0.11344592152317783,12.984236051785018,1.2396551490346688,10.474614820695376,385.49116087255976,189.520975293861,152.52197138418325,1417.8476820721426,2.820976462472966,6.486548012950891,0.25149402128934806,4.5545182637458534,0.45197354547339214,3,2
SU0100681,580.8005017356287,207.671448648019,0.06035480226297335,0.0014833358286311196,21.508443079366675,1.323755893017822,21.222519553529413,776.9909918120411,230.76946127623447,246.20895007487687,1253.428320559777,3.324045862264727,5.458927003498606,0.542674399994526,5.255428756750945,0.5004037068885719,2,3
SU0100682,476.68479898267276,153.78580466015936,0.011247182698475454,0.17106496468452226,17.06581485125721,1.2398572395550593,19.999936038512644,472.49294341347786,189.6136784218585,499.08213738588984,1629.935394029536,2.8221263030288033,7.8120962126846,0.39955810609200876,4.758022812247625,0.4709985776121045,4,3
SU0100683,672.112517553394,221.61965389827287,-0.12091012094273473,0.10186391071625268,26.34717741089672,1.0395485219713834,26.44655197234731,883.756366017656,111.76064835297308,374.0662651695167,1474.3397382487578,1.8165993486368262,6.839623364054737,0.6633821425511479,5.384181420599441,0.43720372079884445,3,2
SU0100684,631.9364904346855,194.10251853494407,-0.03415164437787416,-0.004494370197995941,24.096849115528332,1.167032817503197,23.111512902493395,685.5196022667936,158.1261959049597,240.15233652618014,1384.946323377846,2.4257995597523756,6.280914521111538,0.6118755139247434,5.130177094168714,0.5988104403037688,3,6
SU0100685,542.1788857883934,190.81917485663482,0.05357128866433087,-0.138550273731159,19.739461346001576,1.3118369211414276,17.38667432958487,665.0547089495045,224.59193977911158,137.37400816474235,1356.9147164988717,3.249726900561565,6.105716978117948,0.4891390500701192,5.099869306368936,0.37320444323070334,3,0
SU0100686,651.6536065282733,101.20634845646019,0.019885456484347846,0.044518586992746335,25.17614460214629,1.254220096022411,24.695172259311953,290.81112043154286,196.27992437640995,294.56335652590775,1596.3764542228032,2.90456853683524,7.602352838892521,0.6375490957621643,4.27267398575194,0.4536786468931153,4,2
SU0100687,538.2709087346756,288.5682273512037,0.25714720199764746,0.1184787712832341,19.568778309175066,1.7209267192590034,21.518514861069065,1639.535505704596,507.03944836510766,400.87976603126947,1553.9989022110144,6.40550220142857,7.337493138818839,0.48371535715606356,6.002168252472649,0.46959148889236985,4,2
SU0100688,679.3518925703895,169.72862013145533,0.08407924129092666,-0.075941214582254,26.774465410937214,1.3662990418035759,23.76466446803314,547.4040869832036,253.7417367170047,178.3197474092442,1472.3307019456113,3.5975898589629254,6.827066887160071,0.6723034173980882,4.9051872627518955,0.563131788806114,3,5
SU0100689,594.3300564688946,212.09197643991612,-0.08687924767873491,-0.16119413425322432,22.164928371713412,1.0878040195244756,19.037377736236603,809.3517581498223,128.05796452737215,125.00550470152811,1759.965606383967,2.0348101206545572,8.624785039899795,0.5612602013616854,5.296233628676148,0.7491403335218687,0,1
SU0100690,630.5357280164282,93.94051384254281,-0.1159792675264315,0.061094108286116285,24.02195693696794,1.0464055196810385,24.15018011651859,271.94633340253955,113.98683165158334,315.6262576090115,1714.5784978690058,1.846704024164738,8.341115611681285,0.6100258102144072,4.205604743161934,0.45296874923665154,0,2
SU0100691,527.6200922471978,192.73558418885798,0.12968676769288118,-0.04123213132804552,19.111053246255533,1.4519619201361829,18.442468065256936,676.9241570641129,304.52313789180835,206.0666072720602,1249.789649388492,4.188276134976955,5.436185308678075,0.46895677501827393,5.117559238666382,0.5996958047562322,2,6
SU0100692,752.4632737308228,174.63155498656457,0.06078601369596468,-0.05693894753124848,31.497821542794256,1.3245172034214288,26.924589297344525,572.747595382501,231.16784647431948,193.0123902993468,1364.6763528438569,3.3288271863095034,6.154227205274106,0.75487723471696,4.950445122952903,0.6321140544437776,3,7
SU0100693,619.749252606603,211.87395896112236,0.22531727219919195,-0.12658108011822877,23.452998138918783,1.6494188761414794,20.60278626606408,807.7246006493197,446.4239623816404,144.39878796664564,1411.6757970944925,5.760691813449879,6.447973731840578,0.5956797305735025,5.294221159641129,0.5626346679067757,3,5
SU0100694,448.42361720297646,230.90387479270925,-0.028109883135597608,-0.11910393689966275,16.026998475576985,1.176472030967271,14.064741720676928,962.8348686784692,161.99418952469154,148.9683096261303,1510.523468030026,2.4751484884343298,7.065771675187662,0.3625500483026904,5.46988192116347,0.5636271016645431,4,5
SU0100695,718.2427713213394,205.5541587045826,0.06917195870397534,0.038435002080866976,29.191361461887574,1.33941008006519,27.183357808288765,761.9527469509638,239.05360962100497,287.1905239433778,1469.884396593291,3.4231911324153868,6.81177747870807,0.7180242083686317,5.2358845418884545,0.49270247079109886,3,3
SU0100696,601.9909032986877,158.34689021756336,0.2534733930661523,0.16106187537278624,22.545496644556618,1.712517523989067,24.70623305116207,492.81070779817986,499.6428645277218,478.7081623776135,1601.2542611762574,6.327538577514345,7.6328391323516085,0.5717117184297118,4.800125140469816,0.5802773551434389,4,5
SU0100697,534.1673708233881,98.02695746243621,-0.03242583349829484,0.012168004008630802,19.39114230539054,1.1697213468233538,19.587086709942273,282.40035457393395,159.22155596059474,257.41768953237005,1536.7130359111459,2.43979468028178,7.229456474444662,0.47802440381765715,4.243325761191719,0.5875629093612661,4,5
SU0100698,715.8394356179833,135.00998533996363,-0.10246134108135169,0.17410280156917904,29.035873395432162,1.0654368241177656,29.351024744630113,397.30631480143285,120.31997298492203,505.4394959844825,1623.3570542709037,1.9318192903410527,7.770981589193148,0.7153130651398149,4.58470755698428,0.5187383246293343,4,4
SU0100699,530.7019895885974,173.3235934661316,0.004736118342207448,0.056721971068633574,19.242387585504236,1.2291401064546406,20.19488800181157,565.8741094486601,184.73908409910499,309.9284753309602,1905.598839375973,2.7615360399685245,9.534992746099832,0.47322285141908005,4.938371631995061,0.5651805248930123,1,5
SU0100700,669.2676670765451,70.37901409764072,-0.07273499891682525,0.14745780032599262,26.18113884661047,1.1085135807268405,27.095817058409963,218.79035238819756,135.51197385277487,452.32796425517296,1564.3704626170586,2.133043863721888,7.402315391356616,0.6598437851771134,3.9881139762859146,0.1988708332108131,4,4
SU0100701,671.3241764169154,304.68068565087,-0.299386137917969,0.18232652107746147,26.301061009235916,0.8194011444120463,27.756937767504404,1902.4515763625689,54.732377696466806,523.0587747776564,1056.4870990998515,1.0020483018501538,4.2280443693740715,0.6624034353303373,6.150898636777262,0.6250399156042731,1,6
SU0100702,548.4432473177968,27.251871009099943,0.06692067408596797,0.13810076989824702,20.016172055684386,1.3353955838479497,22.241139116218438,146.93896123501358,236.91056246439942,435.0321231030216,1558.2219206114517,3.397598687177701,7.363887003821573,0.4978378569740529,3.59001727085323,0.5967862109647691,4,6
SU0100703,475.8982997789689,59.00966591063357,0.10377960335055963,0.20997047033355548,17.03601367997156,1.4026633250980065,20.617775052519157,196.9925965106109,274.54588718322407,586.913212534755,1680.7329366763934,3.8417654408511304,8.12958085422746,0.3985102890336884,3.883166146867387,0.39096993363189236,0,1
SU0100704,277.3190067020319,125.01209678317286,-0.2389463176920215,0.005302790346724692,10.957698155082781,0.8881673555799645,9.48411898863554,362.28071058206825,69.70100448637895,250.15856074070933,1562.9465288288836,1.225700202234322,7.393415805180523,0.18021457466291727,4.492419354921596,0.4355797373406106,4,2
SU0100705,689.8831226695951,219.0717563613009,-0.08222386872655546,-0.020702638318078094,27.408450649561285,1.094577205524642,25.09485524296073,863.213770280285,130.46493914286577,224.46931290838262,1188.031811895515,2.0666324309536774,5.050198824346968,0.6850609014361866,5.360662366412009,0.5234190274970341,2,4
SU0100706,551.3292953434586,190.96859368983232,0.056831536803026085,0.02930900918766867,20.144957111518327,1.3175518854504802,20.540178305373427,665.9726190361516,227.54002277687667,276.47513012405733,1457.7050084374928,3.285235884850136,6.73565630273433,0.5018462351417822,5.1012485571369135,0.5728955954043454,3,5
SU0100707,730.3657587958446,173.79262523487313,0.04763923362475151,-0.02234052751969421,29.988464688150632,1.3015019948286075,26.6418818278435,568.3293862519812,219.32550148379917,222.9426288585382,1396.5185733632686,3.1860995128486294,6.3532410835204285,0.7314579051380815,4.942701156014214,0.5918303733534084,3,6
SU0100708,450.0593300493631,205.09954856449238,0.004238305726506826,-0.03647216118241719,16.085361299552,1.2283245352170749,15.505549037768276,758.7619869953303,184.37158832189223,210.19436740851353,1447.4971468565343,2.7569574149166334,6.671857167853339,0.36465280207451894,5.231688140595314,0.5093503206067451,3,3
SU0100709,253.7557890239775,204.88818118550998,0.03473202379174807,0.10196043029381924,10.39868682308994,1.2792952815854604,10.178732300273891,757.2830222643756,208.2893242528687,374.2167317482446,1414.9668956309129,3.0519276660673196,6.468543097693205,0.16167724097296135,5.229737057097015,0.7016306900381335,3,0
SU0100710,481.647529387066,123.11787325734477,-0.14905273797639973,-0.20807068838755946,17.255063227788,1.0012638139721168,13.874003558593245,356.00124024605066,99.86198154383058,102.82605748536483,1745.2204627829005,1.6539354017727352,8.532627892393128,0.4061905848120789,4.4749342146831825,0.6596853912614931,0,7
SU0100711,658.1341293192564,121.75422749457431,0.27169015223386794,-0.04220629938259871,25.5413335944107,1.7546221530170414,23.501777817149996,351.5481602344593,537.4096264002605,205.23187125424636,1456.9558670037356,6.72366801226395,6.730974168773348,0.6458267692408545,4.462346715334532,0.6649807264348861,3,7
SU0100712,668.603905206557,323.0717040190486,0.03730833904785293,-0.04764369594944697,26.142549443402544,1.2836973285653903,23.81831249220866,2254.4512703920386,210.44689819501238,200.63445092932304,1402.1112186464327,3.0782496197396947,6.388195116540205,0.6590156239240367,6.320661883252756,0.4022403058247499,3,1
SU0100713,499.8527608948832,254.39856702377972,0.08982512589841038,0.0024369607872486974,17.967448262964716,1.3768067031268556,18.09044560347738,1196.021610463115,259.6411547328708,247.18919208289134,1340.8104889893873,3.66715840769621,6.005065556183671,0.43079807463265285,5.686756003296428,0.568149841441019,3,5
SU0100714,732.3064669351672,207.996751670549,0.025010275445003873,-0.09563491839374472,30.118074765423245,1.2628196445536921,25.4957806298052,779.3276446245249,200.34504434350677,164.27160292265953,1638.749090257922,2.9546127252275562,7.867181814112013,0.7335704347180696,5.258431553881991,0.2994476145004656,4,6
SU0100715,618.9122275957261,347.07092876139893,-0.22625600809977703,-0.02896433456416392,23.409414805146582,0.9033233753217053,22.197181052653285,2813.5243360177046,73.33045211715559,216.8737252012612,1498.7342415800438,1.2786608333783374,6.992089009875274,0.594559269547621,6.54219318856676,0.5129933748754739,3,4
SU0100716,736.5473636606163,210.70931593309456,0.022845055882097894,0.0956727073403136,30.403255668106418,1.2591791929351097,28.849164820251417,799.0876254192168,198.61737268257946,364.5399984645037,1502.6801134514787,2.9333648769785863,7.016750709071742,0.738149808127201,5.283470608613181,0.8043891591058812,4,3
SU0100717,577.2424480582134,192.69333640183078,-0.2565702074359913,-0.06521403927641085,21.339050979853923,0.8675400423354256,19.97252788099034,676.6602219386847,64.95658802680248,186.47083317075936,1683.5804290879696,1.1557690600085324,8.14737768179981,0.5377646747816548,5.1171692590938225,0.4431634519712102,0,2
SU0100718,161.63970862564815,182.10050562719238,0.2056116761212467,0.0050857474435350766,8.473783729966108,1.606646201238635,4.981862237278568,613.6282462899896,412.5868398574971,249.93243325363,1446.2200635797851,5.394458666033299,6.663875397373657,0.10362714240347559,5.019389282712545,0.4013209649807217,3,1
SU0100719,631.4057420863948,222.9828820773979,-0.26725987486516506,0.13614389384366626,24.068445062898657,0.8552627906195631,25.43484375630979,894.9475071536451,62.237673553932,431.49944501589897,1622.5112841427374,1.1153115137821317,7.765695525892109,0.6111750379650103,5.396765065329827,0.6405852754037877,4,7
SU0100720,655.0345165300015,222.4893760727357,0.07810813480526083,0.10421667858014348,25.366008677408207,1.3554644725174865,25.821620285835785,890.8798993491373,247.7530636981547,377.7513446404429,1208.998756940173,3.5266924522975254,5.181242230876082,0.6418781259288243,5.3922096252867915,0.42991524531027886,2,1
SU0100721,417.51857796584113,171.56168884128402,0.05822053849622691,0.038961798387462006,14.963244687792043,1.3199942554561304,15.497308005129296,556.7453182304282,228.8077551882841,287.82159506613334,1678.736929832965,3.3004818126692888,8.117105811456032,0.32387772217232375,4.922107896996468,0.6418796238864282,0,7
SU0100722,392.97068050711727,195.50744715328062,-0.12717473215827574,-0.022589644602428,14.168850901819944,1.0309015291716292,13.516810165236317,694.4677091647279,108.9948977354368,222.71133717945457,1551.4866190477592,1.7790583832111149,7.321791369048495,0.29475825305427694,5.143145666030283,0.2773030338822648,4,6
SU0100723,984.0239271351431,216.81656403083588,-0.08935549131201088,0.23128437062762736,52.69379021414776,1.0842183850146605,40.733447787938246,845.429858622995,126.79581474962394,641.4202623744225,1444.4110127222089,2.0180836283830565,6.652568829513806,0.9176807089867345,5.339845206438485,0.5606015508662446,3,5
SU0100724,462.3191541284271,287.37946943381706,-0.015747705945882054,0.017938092088741107,16.529615913514842,1.196024402488563,16.889157528695627,1621.6429848531347,170.2059503091501,263.681530310516,1692.6051444840714,2.5792731820129675,8.203782153025447,0.3805732439968363,5.991195102466003,0.5968111565968862,0,6
SU0100725,540.217348275867,252.1754132032351,0.3807724844141928,0.03808925385593056,19.653604840769145,2.0293116479816624,20.25438444166034,1171.7276744049054,831.3824666557906,286.7770900904571,1518.6816140596106,9.672062881759565,7.116760087872566,0.48641632707358223,5.666234583414478,0.5636501666895266,4,5
SU0100726,785.8773101496731,141.05214722286004,-0.04174763395674915,-0.18449315389519694,33.925664753713825,1.1552727786231787,26.098120607567342,420.095202823533,153.39395236100682,113.44050624447028,1310.5811419776041,2.3651494684666656,5.816132137360026,0.7875850180329893,4.640481358980247,0.5085759997841625,2,3
SU0100727,539.931341069124,294.99041617505776,0.08039892073878366,-0.10944942122277525,19.641117536981717,1.359610906952391,17.784284021197454,1739.6687411973849,250.03369354352785,155.0830445763219,1383.5231223417416,3.553725189508272,6.272019514635884,0.486019396675729,6.0614499954620715,0.6599798946584524,3,7
SU0100728,752.7898627532546,181.82974416457319,-0.06637896983082484,0.13499194028455713,31.520689490583283,1.1179478265715468,30.136138111813633,612.096497743676,139.00141607610843,429.43329370649485,1341.0676597240501,2.1787182980640276,6.006672873275313,0.7552128085922998,5.016889946134522,0.5813624318446019,3,5
SU0100729,959.0786183607996,193.34811934634473,-0.11634142188924064,0.04924424432058453,49.85224828318019,1.0459003612221205,36.729350341596394,680.7624427240244,113.82182788056772,300.42085793040474,1424.7986049575443,1.844476062814613,6.529991280984652,0.9065872128710725,5.123213409350875,0.4384707324997269,3,2
SU0100730,676.1864848369792,252.65923603573196,-0.0466360008108859,-0.0452682808915528,26.586788268066876,1.1477674016727155,24.152780839912204,1176.9723797469514,150.42370268775167,202.63010274855748,1346.1495374205074,2.326922697514577,6.038434608878171,0.6684174326245902,5.670700640329834,0.5380051519625947,3,4
SU0100731,448.7736910738256,114.28287536428839,0.2838253245599409,0.05597913800994088,16.03947140076358,1.7832432662893625,16.99640695303668,328.1203257719702,564.1393515747891,308.9706870168573,1591.5832172846963,7.001219969308013,7.572395108029353,0.3629996389060761,4.393380387978047,0.6206719655145942,4,6
SU0100732,688.7865190167649,153.14785306821352,0.04088289344572008,-0.032283658111279236,27.341740394250127,1.2898301262106255,24.859192548797317,469.7187110079305,213.47752841057002,213.89489678789914,1570.1541799642655,3.1151469045162044,7.43846362477666,0.683745005591485,4.752134028321971,0.5773352708766532,4,5
SU0100733,481.12115304444364,93.59558301008305,0.02193555854482615,-0.024512338536875868,17.234891345481927,1.2576531582409498,16.912839198335988,271.08183954943115,197.89611755094225,220.93427433725344,1197.5404403665987,2.924485385087023,5.109627752291241,0.40548543506137896,4.20242076624692,0.5906129415110974,2,6
SU0100734,723.7615802036996,344.34317088858177,-0.05867962549809916,-0.06464542758588812,29.55156917754195,1.1294835573217181,25.679970992601294,2743.566197684993,143.3488970232168,186.91314649697102,1322.4926351297213,2.2353576739294736,5.890578969560758,0.7241901090986982,6.517013885125371,0.5666913525189606,2,5
SU0100735,586.4172725005039,127.2657382388613,-0.026239482300576013,-0.2374398800267228,21.77858771556002,1.1794096581637954,17.45889593012977,369.8961161774913,163.21071088475148,90.98249874665004,1648.2202796533195,2.490628427106435,7.926376747833246,0.5504077188835519,4.51322219912795,0.4883456592262267,4,3
SU0100736,543.7618567456637,87.26492761564435,-0.087353039919236,-0.033550938422103264,19.809021384901964,1.0871170457310413,19.19822323307409,255.69464695714936,127.81550287313338,212.76843681766132,1498.1934644862672,2.031599066122982,6.98870915303917,0.4913367792186722,4.143983947221333,0.588378601241801,3,5
SU0100737,809.0335150275196,227.62621128000816,0.14432468147193672,0.17353249319317657,35.71711670460984,1.4805785279057946,32.96573380428982,934.1402295480965,322.8858082509632,504.2398536527895,1591.1532610436316,4.397702614834341,7.569707881522698,0.8083113819546212,5.439626565661614,0.5470634243504804,4,4
SU0100738,731.64014312591,249.74560358750767,0.09728487569490529,-0.17455531164433233,30.07351134363056,1.3905692109416923,24.154528149713183,1145.7395143591086,267.5053330518133,118.23642261802883,1365.3663755048565,3.7594885303359176,6.158539846905352,0.7328463118999747,5.643805571576994,0.5280116716775614,3,4
SU0100739,690.3317837324619,178.61248276041363,0.1705302950175845,0.15782839544931374,27.435791175995977,1.533225561977767,28.087820402639856,594.185849609918,358.5690250751342,472.30185967077466,1691.867274988353,4.799128393439684,8.199170468677206,0.685598429482932,4.987192148557664,0.646443245158423,0,7
SU0100740,363.34109716143075,211.37130746462543,-0.09112935614331244,-0.1978879597631038,13.26597435728653,1.0816570726730672,9.442910004670576,803.985552647384,125.89932446980725,107.2826386212725,1454.0046188710662,2.0061861453410694,6.7125288679441635,0.2617304383651736,5.289581299673466,0.6559789572501802,3,7
SU0100741,632.9335618213235,311.15760915438295,0.02658452179021673,0.2937363304311489,24.150300040227446,1.2654730806343244,28.12079957801506,2019.662350010762,201.61059455264711,832.0573567083512,1528.4033960827282,2.9701577700540804,7.177521225517051,0.6131901867964241,6.210685622963535,0.5517984236922989,4,5
SU0100742,319.7097841741306,252.1865781190299,-0.07531876934107183,-0.07764571672904724,12.040114680952907,1.1047012917439325,9.750174105732071,1171.8484397739073,134.11865894587896,177.0577906790644,1704.9968902020114,2.1147517622806435,8.281230563762572,0.21765406199119666,5.666337644175661,0.6426578135036767,0,7
SU0100743,753.7692460979222,156.45757628642622,-0.007646379795787746,-0.007182527723502174,31.589366060461025,1.209013607741889,27.80465077508305,484.29068707697934,175.81186612091358,237.4774807660573,1625.2029089075836,2.6498739354741305,7.782518180672398,0.7562172729363226,4.782685319567011,0.6742851734795384,4,0
SU0100744,616.2663799357133,308.3679205482283,0.1345791627049592,-0.02817592729373019,23.272179215719806,1.4614643077375706,22.107427098160013,1968.3180025388783,310.5412214390784,217.58733342899137,1632.5938249806359,4.2571384491312045,7.828711406128975,0.5910110450222005,6.184934651214415,0.6864752222967019,4,0
SU0100745,909.6920170014403,257.14793739894026,0.0038511680486998834,-0.026003190486710456,44.67060117167713,1.2276906578854718,33.554636375277504,1226.7636559986984,184.08630051599383,219.56611028401156,1592.1711205698225,2.753401969183632,7.576069503561391,0.8806173151235462,5.712134806759448,0.6839179596216838,4,0
SU0100746,628.0784419986013,209.5445716714727,0.007709678147563846,-0.03934692751574549,23.891139282687792,1.2340230086136958,22.380601730238734,790.5422663758336,186.9495347132745,207.6916377098865,1474.0584789369732,2.78904411818224,6.837865493356082,0.6067733399340407,5.272719123121287,0.5608340788196424,3,5
SU0100747,859.257999323168,164.41860439549788,0.007891811386707094,-0.10384531924878103,39.934475502209196,1.2343227204808667,30.295944652865742,521.219747407277,187.08578323527206,158.7469094888843,1614.6609706357049,2.7907378910819824,7.716631066473155,0.8478839419529579,4.856171732881519,0.6593343342974627,4,7
SU0100748,842.409612272216,193.21869410522118,0.08615314249188533,-0.018426038660404563,38.46693874147026,1.3700823625133258,31.064384277357217,679.9496251861372,255.8554329598848,226.60872207461233,1584.4829887511237,3.622546174225786,7.528018679694522,0.8354145040021409,5.122018714817426,0.5751172121999372,4,5
SU0100749,560.4875897052677,188.9539899980134,0.0677883425090473,-0.03529829218146771,20.55914296015152,1.3369413852781673,19.81954584106928,653.7024087239404,237.73423023521246,211.22497180955625,1461.2005132675147,3.4074395416327974,6.757503207921967,0.5145619775367252,5.082652215366278,0.6865889610937244,3,0
SU0100750,1037.898418392349,101.71614834528715,-0.1889206806564088,-0.11485833933697798,59.39551435087287,0.9494292723422884,37.059521726308375,292.18285758556556,85.14172980476906,151.62700431860551,1483.473853593831,1.4481174431350305,6.896711584961445,0.9376461235871104,4.277379830879574,0.6216624408829806,3,6
SU0100751,656.425529568689,191.18202389073045,0.07934033204368483,-0.08305033879540433,25.444539876589523,1.3576932356397602,22.754598281081165,667.2859615961836,248.97720053966756,173.1151399021367,1460.940356519581,3.541207509916474,6.755877228247381,0.6436525771122433,5.103218682068281,0.5483924361299363,3,4
SU0100752,264.8410590030665,104.51483669303126,-0.16823490919164885,0.09169298684205292,10.65802856962442,0.9759799729914631,10.43870207526458,299.82946923934804,92.48628499800402,358.5449772922752,1539.2567917715867,1.5514918770729988,7.245354948572416,0.17019917420245365,4.303213877166442,0.5988848960059154,4,6
SU0100753,218.86210183555642,83.56816540664579,0.09948231603847431,-0.3334403569999261,9.622826188102541,1.394649442579425,1.565075788050649,247.11652545759952,269.8670051576181,60.98727154277874,1695.9406972159686,3.7871271363009775,8.224629357599804,0.13709210143256922,4.109859988369038,0.40413462851817683,0,1
SU0100754,701.8020805464961,122.24199939079742,0.15733555727573736,0.38497930966997934,28.144106068597537,1.5064874410338955,32.31973607130784,353.1345780258252,340.134874652183,1216.9225574164614,1136.29157918062,4.59262546641952,4.7268223698788745,0.6991692208960231,4.466849225145823,0.6056301718288519,1,6
SU0100755,224.53071155312688,207.73997994413776,-0.03101582453278409,0.015573878695421194,9.744810769558322,1.1719225053921358,7.602425649767509,777.4826691561151,160.12210843312954,261.0967847105937,1354.130195787482,2.4512887783356527,6.088313723671763,0.14086032505625715,5.2560613533305025,0.6124432887597201,3,6
SU0100756,289.2955891653314,260.7064220884181,-0.06138754599152739,-0.16832288128837075,11.253248750809307,1.1254128416310671,7.056113779401153,1267.7289594091378,141.804566308027,121.34705476516311,1755.1898917345118,2.215271228287839,8.594936823340698,0.19025442501160414,5.744982357739244,0.5446125877752678,0,4
SU0100757,893.3744746795647,259.38814840536725,-0.11972185571796524,-0.010198776112409868,43.079807686511124,1.0411968398632983,33.18347219122068,1252.3958522280882,112.29311794847824,234.5116107682527,1519.366070346172,1.8238089568667586,7.121037939663574,0.8707533284184761,5.732813677588005,0.6721042559989152,4,0
SU0100758,628.7531884060807,191.45902037126984,-0.029981938064746153,-0.006066844302556692,23.926989398793413,1.1735391325019426,22.961509921860525,668.9943219064303,160.78567191057124,238.58400775272196,1708.7347337085318,2.4597511995886574,8.304592085678324,0.6076673928446346,5.105775572657875,0.550296428063798,0,5
SU0100759,478.90049116632855,143.30703423511036,-0.0830647730754243,-0.1682515195251318,17.150050041522608,1.0933506469556933,14.430827108827247,428.9308429257606,130.02684221234287,121.38314154573071,1379.9399506677632,2.0608477413631974,6.249624691673521,0.4025148904164665,4.661295700631788,0.6698736220520259,3,7
SU0100760,512.8121330978506,225.7867584561464,-0.3718134776851251,0.06819735707590549,18.492408486264377,0.7439724282941444,19.69042779395928,918.4128352516691,40.96614890680713,325.1074211986703,1474.1835673009418,0.7871170919702319,6.838647295630886,0.4485331192578031,5.422647001133659,0.5114847981687594,3,4
SU0100761,582.5727923358037,147.7713585022182,-0.3185812379832534,0.11066975294063247,21.593319468115485,0.7986959179195242,23.111215584291795,446.97597578096827,50.6872828649144,388.04603154385495,1538.882809815711,0.9399416689573958,7.243017561348193,0.5451169379905202,4.702504847712783,0.5248846036201719,4,4
SU0100762,376.0866330269613,84.45926145303622,0.03358390606020864,0.19361291522704308,13.647083709795396,1.2773384043223814,16.463584315943656,249.15756570617754,207.33495472153763,548.2440201682612,1532.506636278566,3.040270079868847,7.203166476741038,0.27564149104512625,4.118085490335719,0.43937907151257394,4,2
SU0100763,590.5210108669124,176.53270745396267,0.12960654391113455,0.07280798128940717,21.978104127409104,1.4518066192739651,22.78928344409227,582.8875130170591,304.4254335780616,331.41341657419554,1022.2683945424122,4.18715628687922,4.014177465890077,0.5560427058781715,4.9679942226519636,0.5936193763542766,1,6
SU0100764,369.37370628926493,87.58763180583456,-0.028271011556034557,0.049316533083601385,13.445012725396523,1.1762193073421645,13.797586351531436,256.45744774837743,161.88981569197398,300.511359276885,1237.482462354108,2.473819456153438,5.359265389713176,0.26825787816324975,4.14696275513078,0.6063661133646041,2,6
SU0100765,687.4009925556879,183.05345275946735,-0.13014354453405727,-0.11752536050271503,27.257686071621258,1.0268288575308304,23.384615924342615,619.0497975168247,107.70821111343804,149.9513634581137,1664.1491410528365,1.761539574457355,8.025932131580227,0.6820781943823481,5.0281857177796985,0.42910218508032766,0,1
SU0100766,741.6046829474521,169.26205465652163,-0.014375174946428567,-0.204970524649599,30.746869504171165,1.1982151805757268,24.035117814907597,545.0516193172699,171.14297191030383,104.1629132743937,1476.525339179426,2.5911006586741805,6.853283369871414,0.7435439288833408,4.900880504521738,0.5990868412809102,3,6
SU0100767,309.4461841866434,212.41133137136995,0.0133518380518534,-0.07725067365987681,11.768611734898245,1.2433414221732282,9.357618157371519,811.7411595777364,191.2167023535075,177.34947005491048,1636.7476938386087,2.841994592146945,7.854673086491305,0.20810103820076492,5.299181520351107,0.37381945848171555,4,0
SU0100768,612.4025347738676,285.263285274764,0.21599147086509923,0.0467768064646227,23.073212197691348,1.6290363241731456,23.20637868228301,1590.2731848770793,430.0776971710472,297.3480565614396,1451.7310758190647,5.584369695877563,6.698319223869154,0.5858124383911334,5.9716610948439754,0.4991357954761896,3,3
SU0100769,495.47335709698444,215.3474711146639,-0.12108657081891243,0.09089085816604571,17.793437017692547,1.0393039797948258,19.394367078761267,834.0424903732825,111.6817955731193,357.3486475611702,1841.3056828805318,1.8155312003582333,9.133160518003324,0.4248424048064651,5.326284348750744,0.5450493411898084,1,4
SU0100770,308.00893540900506,92.59159148943317,0.11648483275673632,-0.007169541475253233,11.731084090022648,1.4266272761116536,10.469744019095977,268.58116323784134,288.8591881179156,237.49033087003784,1640.2929433702484,4.0079615717737065,7.876830896064053,0.20678826375010964,4.193153152210153,0.5073092600672521,4,3
SU0100771,699.5122385571697,169.71055372576785,-0.10987560829859237,-0.048119817456286136,28.001257475776082,1.0549561361294675,25.012367875174053,547.3128057549668,116.80402925036063,200.23681890756023,1308.4713031322822,1.884661015944538,5.802945644576764,0.6964867595271714,4.905020495930165,0.709148764686529,2,0
SU0100772,532.6512735594723,221.89341576434273,-0.08053036993061989,-0.12623133863757877,19.325921439959785,1.0970515515808732,17.22147166113094,885.9924713393411,131.3517081056796,144.60936738807536,1462.5791182531304,2.0783315524117394,6.766119489082064,0.47592318209967654,5.386708453209318,0.6380954026703359,3,7
SU0100773,456.26827754830896,123.41542177258799,0.023319636655371522,0.059882712086129296,16.308839858897393,1.2599762213915338,17.352922661647504,356.9803778853019,198.99477072620985,314.0371529353155,1762.8557070165093,2.938008944557435,8.642848168853183,0.3726811323106137,4.4776808163623505,0.5783000382697996,0,5
SU0100774,665.9186821356222,226.7528903998209,-0.17295230728989455,-0.11559984845634531,25.987017110696065,0.9698604572034122,22.581284608779555,926.6400014160013,90.75746882319238,151.15925724450517,1326.576593663096,1.5272860076126251,5.916103710394349,0.6556554525222607,5.431565142152193,0.4434283395446684,2,2
SU0100775,693.1827774766726,198.8532559581441,0.01192440946371743,-0.3111259818482722,27.610163562292847,1.240977297844865,20.38278609328829,716.250563666986,190.1280205922323,66.92962821735262,1828.876297378979,2.8285042307169106,9.055476858618619,0.6890024676393026,5.174030054998253,0.4784582396677156,1,3
SU0100776,919.3262960690124,85.79930375766446,-0.12186017378348053,-0.26434192590115557,45.63728803227807,1.0382325209591678,29.956990526553447,252.25869076142575,111.3367402475267,81.33490894769567,1557.9399961508316,1.8108555636969093,7.362124975942698,0.8861306595102101,4.13045511160921,0.4618994543351015,4,2
SU0100777,356.8599722622962,90.78657588366417,0.11660325941067945,0.08537563818810565,13.076280476652952,1.426852561490693,13.911926224446614,264.14322360528337,288.99605504117784,349.2303823566005,1789.9254225726056,4.009544049025892,8.812033891078785,0.25483295662442346,4.176491469695361,0.49514347031416217,0,3
SU0100778,589.3874867884241,96.19321216887315,-0.05025585341029771,-0.0622614375937413,21.922812216929454,1.1422410836218115,20.49404497076525,277.66042702812877,148.2613487466636,188.77906128672595,1574.3119931992674,2.2990143523599302,7.464449957495421,0.5544876018312812,4.226398881558829,0.6313617445134554,4,7
SU0100779,728.39200434967,125.2172023058553,0.1497701856934499,-0.005290216452935648,29.857219692302923,1.491367644125294,26.849296561604906,362.9672597494318,329.99606916679187,239.35730402211777,1448.0644966564776,4.478257197442132,6.675403104102985,0.7292985622678653,4.4943126366694335,0.4933190810544866,3,3
SU0100780,449.21155701492063,293.25040000275516,0.04611161497410353,0.02095342170014459,16.055085970161866,1.2988537611100972,16.429673134471546,1711.9499264717865,217.98940482687695,267.01529028634195,1458.0405026340886,3.169916932372681,6.737753141463053,0.3635623157944239,6.04538830771774,0.7456782889150423,3,1
SU0100781,784.9018879923565,133.13096253807848,-0.041042258205693634,-0.025709345204509244,33.85220696264467,1.1563598249323153,28.706584335183152,390.4745253298735,153.82736500843743,219.83510186120566,1523.339516525216,2.370717074934926,7.1458719782825995,0.7866770323886114,4.567362731120724,0.49390192058948523,4,3
SU0100782,628.9869742051054,274.38572858255543,-0.1970442163506245,-0.13537760845104804,23.939423273550474,0.9392011346552235,20.815422189347743,1438.3514052050452,82.41958861699527,139.2020718060856,1422.694631152431,1.4094308148765664,6.516841444702693,0.6079769958521665,5.871252879223588,0.5150563551913737,3,4
SU0100783,909.7238574542675,245.11109930096453,0.1416483528177396,-0.03172388322160806,44.67376202165541,1.4753045903769324,33.460529736194715,1097.7583677049006,319.447650205554,214.39436650961528,1454.1898549141097,4.358644768193133,6.713686593213186,0.8806359105461405,5.6010255320089035,0.43386356689876815,3,2
SU0100784,690.7132410486071,211.91854931257106,0.19289960470174253,-0.025299565602740073,27.459057887707242,1.5796439490407543,25.050522169622386,808.0571311459414,392.13196118090764,220.21077223462225,1477.3153366079364,5.170651429080374,6.858220853799603,0.6860550516789233,5.294632762885271,0.5636036422848509,3,5
SU0100785,710.5415635912772,84.43598456366387,0.1104084200607562,-0.0024594674607396638,28.696037017084976,1.4151156040703614,26.202291904204007,249.1040365670237,281.9229143617133,242.19718754017975,1330.6180371274086,3.9275980933713517,5.941362732046303,0.7092816102604856,4.117870626741513,0.3832315397876747,2,0
SU0100786,525.4347318618964,274.10134391281457,0.25120270001120926,0.042645145280411564,19.018468155349147,1.7073405626061187,19.75543643819172,1434.580555953737,495.1252693989508,292.2729439818405,1813.9209062147597,6.2798263785529835,8.962005663842248,0.4659344284410422,5.868627789964442,0.5465647133634605,0,4
SU0100787,721.5946392957006,150.66999222108223,-0.07718982589262229,-0.08130109402567635,29.409607911176103,1.1019487817868014,25.318106627738196,459.096977020537,133.1186314477871,174.38150238782706,1170.31536846011,2.1016034066306495,4.939471052875687,0.7217790633954009,4.729261466656144,0.652967380795753,1,7
SU0100788,434.50616095515704,127.90647931591224,-0.1769957522419013,-0.02452313238435396,15.538907256379884,0.9646457569100865,15.09985405296132,372.0903615419952,89.30138444202139,220.92433818210841,1782.1587696895588,1.5068391205887328,8.763492310559743,0.3448776175769422,4.519136732146882,0.7175023080658174,0,1
SU0100789,251.043962355625,156.96088026154166,-0.15515366551405477,0.11860052894538237,10.336209850206135,0.9931520011242162,10.350607351808456,486.5458794966475,97.45447422615558,401.083193391633,1545.8549675670283,1.6206399708232955,7.2865935472939265,0.15964566350110176,4.78733120241423,0.49907445380961324,4,3
SU0100790,563.0631545063834,148.96778960849895,0.24213691415623448,0.0656351418019246,20.677150132474164,1.6868269485062755,21.601930594169207,451.93972860882604,477.49211974125825,321.655069131691,1607.1717473466301,6.0928932267227625,7.669823420916438,0.5181353111796705,4.713548827155375,0.33664660175736827,4,7
SU0100791,537.978037810814,315.40871233883723,0.19891936050550266,-0.22165075031043638,19.55604661671117,1.592373728583853,15.838300076357719,2100.4913560947653,401.68871265241046,97.169337807023,1449.8518667706248,5.275452908028598,6.686574167316406,0.48330903431920513,6.2499265754354205,0.45387844272650235,3,2
SU0100792,857.9982808653167,195.87808834793407,-0.11516933395971539,0.004098953224894681,39.8228402830634,1.0475361553373874,32.046026809621665,696.8477629757394,114.35671753852466,248.90691015649634,1082.8215153490426,1.8516964522807224,4.392634470931516,0.8469791070907751,5.146566969365545,0.4632030957234739,1,2
SU0100793,556.5598706487357,234.96889894946594,-0.2911971180896011,-0.04573863692429152,20.380478172092104,0.828396955918276,19.49279546537931,999.6500033529778,56.554881893955724,202.23337375343934,1661.5497181630114,1.0297776855791199,8.009685738518822,0.5091099232038673,5.507405221071993,0.43388373405013825,0,2
SU0100794,591.2529102611511,184.28834270189023,0.2571570480534903,-0.027616343173396517,22.013879348475324,1.7209493118614076,21.14400745726594,626.1467082464101,507.05941811324413,218.09525206628297,1472.5439042599887,6.405712434653088,6.82839940162493,0.5570462319830559,5.039584701863602,0.6183967802531751,3,6
SU0100795,311.25723975111794,165.6425915741942,-0.06835875162607657,-0.016669417524612026,11.816070749116593,1.1150006611057905,10.437735698244389,527.1420601510215,137.90499326963808,228.27341375564674,1635.745031834054,2.1643876798228865,7.848406448962838,0.20976397973223954,4.867470076069485,0.5943329188065739,4,6
SU0100796,415.23718446483826,188.8854482162688,0.2235662421150786,-0.09976388385567662,14.88757655033892,1.6455724585860012,13.096492442704657,653.2889463552623,443.3080799738711,161.46964213569782,1523.226684863522,5.7271659344317785,7.1451667803970125,0.32110848696326916,5.082019521996328,0.5345471458449098,4,4
SU0100797,538.6590971493802,74.00725455378895,0.21161442814683065,-0.09292222810658199,19.585666421270627,1.619556863640428,18.010261087366196,226.2420461107249,422.61335750060465,166.13887741990004,1664.1715152245652,5.503484445341203,8.026071970153533,0.484253954530077,4.02160542665036,0.5002898713561992,0,3
SU0100798,437.4091626587632,258.8530112802554,0.14908269052168863,0.025039907875677943,15.63947456933386,1.4900011931004211,16.038799234657642,1246.2246129038592,329.0898329868882,271.6006936122731,1621.7840879690111,4.468006346941519,7.76115054980632,0.3485305418297933,5.72787395027928,0.526915777579488,4,4
SU0100799,548.4938270105998,136.99441448985175,0.13560974239503895,-0.08320959974008228,20.01842198620216,1.4634738953592674,18.554599943633065,404.65116077256107,311.8240135644962,173.0003010061701,1737.6250151900565,4.271787998683372,8.485156344937852,0.4979081052759798,4.6030253645217085,0.5247332665344141,0,4
SU0100800,553.6915415229402,229.31732134253173,0.0035796631784373017,-0.03574899771423722,20.250984823039992,1.22724630632901,19.54774331954372,948.8367991143105,183.88648772736838,210.82867627119876,1495.1962483506445,2.75091122295511,6.969976552191529,0.5051269613048377,5.4552368123926005,0.6215054682846067,3,6
SU0100801,430.686600015393,171.7945945272378,0.0015430091006213035,0.10375022346331876,15.407572527757663,1.2239181922598783,17.089204836098375,557.9435518115276,182.39452056054012,377.0178741127685,1484.0247401805702,2.7322989571511904,6.900154626128564,0.34009919075246675,4.924257795636041,0.6946639275594978,3,0
SU0100802,521.8230560112829,164.5505635036568,-0.02565481824265976,-0.15799697143896121,18.866437860156804,1.1803294278703262,16.270947098678313,521.8550237127602,163.59285130420284,126.68190832196392,1334.1237045186103,2.495487096460692,5.963273153241315,0.46094507423979886,4.857389816956832,0.5075466488208726,2,3
SU0100803,754.4493727930234,177.84680614146933,-0.07269662844235598,0.14718416947279145,31.637146094426413,1.1085702944336469,30.4038784331641,590.0010782159726,135.5327740838955,451.81254610420683,1748.1883412627617,2.133316700853382,8.55117713289226,0.756913171726555,4.980124364382794,0.6504305968726208,0,7
SU0100804,396.44380049767165,147.8088396874124,0.2720604105472078,0.028936763040002644,14.278629816837004,1.7554885847870547,14.510649403353941,447.1306473606194,538.2061376118373,276.04664249879,1457.1796696166275,6.731971448496027,6.732372935103921,0.29878506207591876,4.702850827883807,0.607467836906467,3,6
SU0100805,731.3138321244602,142.85577788966282,0.03291599379298972,0.11118720830604702,30.051711875917825,1.2762013773675125,28.904213609940903,427.14787187797003,206.78176777254967,388.8835862178584,1314.3540566464235,3.0335088302575794,5.839712854040147,0.7324912398131026,4.6571302574430415,0.5509876365940912,2,5
SU0100806,349.40986245087123,116.06726769975728,-0.08446501162204562,0.05725434454553644,12.861574417185377,1.0913112823182625,13.153511504403934,333.56965424174695,129.30060353941556,310.6167288152193,1448.4763794178984,2.0512512263149167,6.677977371361865,0.24705342758768228,4.409851701843913,0.49812655000252754,3,3
SU0100807,559.2798213984927,105.44742266268207,0.06432048267508651,0.1357664114349972,20.504037650878022,1.3307738878370203,22.623655467191337,302.4216885231202,234.45928092556812,430.8212974246561,1487.3273534419181,3.3682779136897185,6.920795959011988,0.5128857868922392,4.311822363040142,0.5337880805359834,3,4
SU0100808,617.2192635788025,48.14948777594958,0.0805226184896801,0.3722262964493836,23.32151071395914,1.3598351665271984,28.817854079998714,178.20210877146695,250.15743857712664,1153.9462880942879,1480.3718046216447,3.5551907843496373,6.8773237788852795,0.5922900267501875,3.782918348701073,0.5404699973026936,3,4
SU0100809,683.849260017943,286.94662343286757,0.14624517666512024,-0.25867282543002607,27.04339505443073,1.4843746447088866,20.89403524353068,1615.1766345568299,325.37576246701735,83.27901200537842,1590.1438140260395,4.425945474619277,7.563398837662747,0.6777841037575257,5.987199600918777,0.755754411619334,4,2
SU0100810,662.0393884167037,104.95087563733628,0.042274443662792094,-0.15368247016092804,25.763954913532622,1.292225498900528,21.795712824634123,301.03870726228814,214.66910040259958,128.97987369604022,1697.2485902830176,3.1296300798284733,8.23280368926886,0.6507735227694826,4.30723885203695,0.47352939295776597,0,3
SU0100811,563.3638542445641,124.2442998705299,-0.08196720863219864,0.1783380775032594,20.690971669065146,1.0949518486767513,23.492006734565148,359.72217550629387,130.59894849516417,514.4381441776952,1516.5531463829916,2.068401261075062,7.1034571648936975,0.5185523875444495,4.485331998804892,0.5052638021019424,4,3
SU0100812,343.8589652403899,58.33940338403664,-0.187692095028403,0.01343510897332535,12.703897188729323,0.950985820441042,12.207322686681696,195.77755831109664,85.56117523218332,258.78034698135406,1656.8374029956262,1.454060057441438,7.980233768722663,0.24136179275935213,3.876979108160338,0.505171880606224,4,3
SU0100813,832.6978481294226,133.36247255516525,-0.035701758431981895,-0.12954920644047022,37.64565115065136,1.1646232631209985,28.834651764358597,391.3098677113116,157.14877471070494,142.62397761762216,1658.521877530857,2.4132976665346124,7.990761734567856,0.8278610890387118,4.569499746663064,0.7178008491235655,4,1
SU0100814,232.8729470314844,157.4994655387446,0.18971697705750526,-0.17363346257107215,9.92714789372571,1.5729549268559526,4.773390230595413,488.97079258166514,387.1715622991937,118.69144650981212,1590.6694251153738,5.116087176402616,7.566683906971086,0.1465629242898384,4.792302758819181,0.6477177760166057,4,7
SU0100815,564.0811865842306,215.76709961110862,0.2641353579191411,0.23381118649213758,20.723980867408795,1.7370364599545487,24.444454808700154,837.279413854121,521.412477343665,648.2090660110146,1490.0852459144828,6.556462425294378,6.938032786965517,0.519547235926978,5.33015784256408,0.5074097720560614,3,3
SU0100816,384.4035800067346,243.50266977786632,-0.20576633366864525,-0.030308884558944284,13.901655803144761,0.9283419703368155,13.05499114650172,1081.5802988013893,79.59367782009738,215.6621323596768,1516.4303633527145,1.3690433634855026,7.102689770954466,0.28496194682216686,5.586178490257227,0.5097597989824997,4,3
SU0100817,600.3676477034423,346.6933656890293,-0.018239788551981363,-0.05224867529128675,22.46431625410782,1.19205687559559,21.087930600279087,2803.7357153261332,168.5177096065305,196.8214920617555,1662.4530919010965,2.5579360550713206,8.015331824381853,0.5695021589634169,6.538707990975655,0.5691666915316418,0,5
SU0100818,809.0804388180477,190.7046952882817,-0.03726348119565499,-0.21404698657134663,35.72084130435909,1.162200694701684,26.507900622290524,664.3522939078572,156.17014332002742,100.2971776964873,1240.8424489901215,2.400767303416458,5.38026530618826,0.8083517707310321,5.098812571891831,0.40314410476583185,2,1
SU0100819,618.2810499311631,91.45378380861513,0.18833660488790743,0.003629587782714447,23.376603377536117,1.5700625717499996,22.715867293701585,265.7750600398699,385.03968987226585,248.42060125461708,1460.930092943733,5.092600902984253,6.755813080898331,0.5937137079950923,4.182650312079525,0.482491593983653,3,3
SU0100820,662.0065746886371,127.70764172974326,-0.1478067006104821,0.14260199047264185,25.762076290004263,1.0029286794126702,26.732511079102142,371.4080443719168,100.3609510218725,443.268180425995,1556.7393857240036,1.6608192387781522,7.3546211607750225,0.6507320911371959,4.517301308274553,0.5312056457401383,4,4
SU0100821,665.457937252069,180.5805717521954,0.05745197256775254,-0.0980217482850546,25.96042320486477,1.3186422781495375,22.856335088385105,605.0790579955016,228.10541994408166,162.64599819121278,1831.2637774256996,3.292037174826969,9.070398608910622,0.6550773168898735,5.005359123866419,0.5036304025859021,1,3
SU0100822,830.0829388509959,167.72352479520902,0.12106456734824435,0.08810681988313636,37.42753003326539,1.435365360077951,32.360561286702115,537.3656044031554,294.1995472929318,353.2272966273873,1683.4962808240073,4.0696156407280615,8.146851755150045,0.825780978457403,4.886678690417314,0.48275010342686847,0,3
SU0100823,743.6143722301952,300.0185903092436,-0.03880394688627856,0.004164728057054689,30.88449137035557,1.1598160374673956,27.59885994323628,1822.31675075855,155.21080302630145,248.97513538102916,1416.2485372031754,2.3884712343479717,6.476553357519846,0.7456671353001958,6.107863910546865,0.522285099825192,3,4
SU0100824,858.0561038078483,114.72475580153673,-0.1413178232776158,0.19330811236972523,39.82795766473672,1.0116434995492698,35.201761465356185,329.4614278178441,102.9999710219739,547.5481856880975,1599.927748142138,1.6971333942323372,7.624548425888363,0.8470207367354405,4.397459284321878,0.719629619923402,4,1
SU0100825,468.9210451913464,188.208273920442,-0.09910154156577065,0.017196140237723513,16.77390734583688,1.0702204028624651,17.133531872514418,649.2180783307169,121.94789138992483,262.8676265387834,1216.1445284345114,1.9535759781737525,5.225903302715697,0.3892564810402067,5.075768682342542,0.6047963645324007,2,6
SU0100826,608.2253350286209,176.25894693971526,-0.05855464868994971,-0.10737047848417194,22.86002228920285,1.1296717853371754,20.47481060971017,581.4164040810591,143.4205760885725,156.43224959568886,1616.4340659252418,2.2362890941497473,7.727712912032761,0.5801706788090196,4.965467202520449,0.4563128011437275,4,2
SU0100827,642.1412641688637,314.83934066261475,0.22282822329664473,-0.18061535312047838,24.649543099993586,1.6439539704443604,20.573015499003397,2089.4806826569993,442.0013309121292,115.28830933294655,1414.1219103450715,5.713094062918883,6.4632619396566975,0.6252508152368683,6.244670836885675,0.583716059244427,3,5
SU0100828,537.3492540374169,89.03862831164263,0.057797392721023674,-0.0012020274139559217,19.528740088191,1.3192497321804806,19.487992755666948,259.91549761890514,228.4208066122065,243.46946942948196,1806.292065376605,3.2958298111146602,8.914325408603782,0.4824367484458009,4.160356569030547,0.5297417037906043,0,4
SU0100829,760.2406093587864,97.63925379655159,-0.15420139468447625,0.08659943517713879,32.0469288201416,0.9944138015785559,29.619347616905117,281.39150563071036,97.82639432586343,351.01570986160266,1673.3969248971798,1.6257924379688564,8.083730780607375,0.7627839286442449,4.239746958122015,0.47340858191404867,0,3
SU0100830,554.3339331671041,90.19735372060994,-0.02718297394582191,0.1004307342748951,20.27991449707566,1.17792690678996,21.84238741663563,262.71045545554927,162.59591994613865,371.839159117725,1430.4066401382167,2.4828077743787347,6.565041500863855,0.5060190608422043,4.171052495882553,0.5300772235244958,3,4
SU0100831,346.63682830671064,137.85670311437983,0.26371663743215074,0.008750987006055944,12.782561262956785,1.7360669536112672,12.237281995361903,407.8848694347071,520.5399039306295,253.77865392648275,1339.6307573359043,6.547317724769178,5.997692233349402,0.24419886140135225,4.610984951825045,0.5248182440065607,2,4
SU0100832,262.4630281900188,114.0796200108862,0.204050960856968,-0.017097890926392606,10.60185463663274,1.6033063211776475,8.533041803060854,327.50528249988764,410.01914077588066,227.86623947024464,1802.516828176193,5.366467492974334,8.890730176101206,0.16834144741242904,4.391504184715872,0.5423721729203156,0,4
SU0100833,543.5238346855307,221.65812030523801,-0.4008881373329102,0.02459271883842898,19.798546413052716,0.7156833084915968,20.158027773966676,884.0702211079473,36.46844808308868,271.0950945772208,1492.1621619102477,0.7144131867384712,6.951013511939048,0.49100629610195595,5.384536495125274,0.6688831114812118,3,7
SU0100834,723.6422909494511,106.31004043945795,0.18632079279413707,-0.03147774306971942,29.543736472098335,1.5658483029095716,26.22812670798333,304.8393719918381,381.9475025093725,214.6143587253136,1355.2874837926329,5.05849652304113,6.095546773703955,0.7240577189231507,4.31978498867192,0.5657682600696963,3,5
SU0100835,513.5015159805127,280.00024541185405,0.051093304273681486,0.024679070506320695,18.520759863712396,1.3075097915659144,18.991932352125282,1514.8613391134518,222.37679482004617,271.19265176653084,1644.1035332568704,3.222994879985923,7.90064708285544,0.44948063628910756,5.923079188417114,0.637429729447417,4,7
SU0100836,691.0489169735139,272.26512573297197,0.09130236193706827,0.020118175767204215,27.47954851733277,1.3795212001913717,25.8205385895345,1410.4697496791691,261.17990152366986,266.0876411074507,1698.2675299340847,3.6852604680104024,8.239172062088029,0.6864565737002879,5.851678083688972,0.5427283087934289,0,4
SU0100837,555.984372942039,291.9024996242995,0.24328861919328468,-0.0009810968307987391,20.35443056835047,1.6894192411588436,20.216374000565985,1690.7815394146473,479.6969147067001,243.69369700209035,1427.4317476311014,6.1163289023138825,6.546448422694383,0.5083108635791096,6.032946150378149,0.6670538800166799,3,7
SU0100838,694.0753044247385,200.5127815228286,-0.048280906528491686,0.03980358944575127,27.664979716472416,1.14525286791264,26.266321662835686,727.3070587410715,149.43722035300968,288.83289109221676,1496.5266464179676,2.3141990498936464,6.978291540112298,0.6900639648290622,5.189348752518418,0.4968529456341604,3,3
SU0100839,573.2276191457023,197.2525629665745,-0.056309260038034645,0.1084590826331421,21.149514104267663,1.1330589227100176,22.71094767732968,705.7453140121117,144.7145179309006,384.4881019696497,1706.2131827697583,2.253089682652169,8.288832392310988,0.532215889840293,5.159254427383765,0.627591815492433,0,6
SU0100840,500.27529066148094,229.12839777224417,0.011694209619006026,-0.14828951742791419,17.98432681187037,1.2405964592521725,15.594769346370136,947.1835552193994,189.95303140630074,131.9109416898821,1607.6367005596394,2.8263346590995244,7.6727293784977455,0.43137377336536986,5.453492902513023,0.5616905312765559,4,5
SU0100841,1016.8386403724753,274.7226061131064,0.10667252354017862,0.029900460154581556,56.67987451091612,1.4080841638160484,38.653177017061516,1442.8311199990012,277.7412970181328,277.15730986619695,1526.1955608092828,3.8789910395569356,7.163722255058018,0.930445183942083,5.874362517967136,0.46970484770935145,4,2
SU0100842,236.98229910401608,123.28365790969826,-0.007157552725564557,-0.25266471338507807,10.018216733605849,1.2098018627005358,3.6160108531826562,356.5464530856071,176.15596882241792,85.39011638459941,1412.9085132363602,2.6541952221623526,6.455678207727251,0.1494416211900811,4.476464534551061,0.530190957350046,3,4
SU0100843,511.22322037261756,136.98796611777058,-0.051227072157210056,0.20686725937486342,18.427228464026015,1.140762886325121,21.939801781849518,404.6270752624921,147.68648929283282,579.3732489818078,1605.9432450384966,2.29158356758429,7.662145281490603,0.44635068379400933,4.602965841087113,0.5051759378481481,4,3
SU0100844,537.6973980948466,178.15963318260265,-0.11519331506102265,-0.09229562612926255,19.54385441141868,1.0475026611119904,17.983305045978547,591.7072477338976,114.34574846452013,166.57320644323903,1661.683843252274,1.8515484391292905,8.010524020326713,0.4829197014961381,4.98301199860864,0.5164172497986548,0,4
SU0100845,352.95465033444316,177.19587763548623,0.017701462969368538,-0.23672450690326022,12.963289072545699,1.2505731304907939,8.391716842396228,586.4666440336692,194.5726960572963,91.25409680090709,1493.4805827492492,2.883500122523469,6.959253642182807,0.2507349501159117,4.974115793558334,0.6194383947478609,3,6
SU0100846,631.22128939393,324.9366824876731,0.18766642234682687,0.17387208297010243,24.058581552326192,1.568660227029289,26.056473748154538,2293.5980608717073,384.0088846338198,504.95383657562445,1948.0137497462922,5.081237026783012,9.800085935914327,0.6109314915830347,6.337877069116983,0.6106525009419679,1,6
SU0100847,579.3526374278862,243.29311907303656,-0.08388546500924905,0.012922358339396318,21.439351384858405,1.0921548958947778,21.356864094518848,1079.4902047736414,129.60069414526885,258.2280630456193,1396.3635771074698,2.0552177086844168,6.352272356921686,0.5406774510403366,5.5842441760587995,0.5818387646050306,3,5
SU0100848,432.65636415643235,135.34964750898837,0.06202099396582566,-0.016525372893668063,15.475163203636944,1.3267000035560428,15.161213502300125,398.5539612914479,232.31262261592465,228.41046137705678,1191.5966182853203,3.342558883866423,5.072478864283253,0.3425594577498403,4.587842900082969,0.43355544629503284,2,2
SU0100849,343.49203153693657,122.60682610259167,0.06216349942179573,0.026272661648596304,12.693542548612987,1.3269521101582513,12.407012253913027,354.32580973228164,232.44508363002635,272.999352540552,1670.444699471872,3.344147037296949,8.0652793716992,0.2409887236706642,4.470216856331615,0.6102241458353417,0,6
SU0100850,742.9425321128784,219.545752444843,0.031451896363723454,0.13192220907451865,30.838415906396293,1.2737124965927566,29.702024177853914,866.9989059289964,205.57431227012074,423.975585049596,1647.1060466784159,3.0187403886986792,7.9194127917401,0.7449586369994486,5.3650377148754735,0.5800876294043193,4,5
SU0100851,778.7929367548256,27.52376423727921,-0.04356947612106748,-0.03669485587820772,33.39575340525729,1.1524698847424064,28.285922164717537,147.30820940938466,152.28017725424152,209.99941965670178,1684.4292603970512,2.350829895721362,8.15268287748157,0.780926179311959,3.592527054497962,0.6757115997560617,0,0
SU0100852,288.9677133621527,271.72586631970296,-0.17571677790394033,-0.13694582946729872,11.245052474966842,0.9662921698821415,7.566313917406517,1403.466188250373,89.75941176962782,138.29545533598213,1462.5142876276216,1.5132768622375896,6.765714297672635,0.1899739623007625,5.846700304489565,0.5245434822293933,3,4
SU0100853,269.48488965096226,222.24206827701684,0.1019103637089903,0.12648499153964046,10.768584882074578,1.3991717927244398,11.199162234309206,888.8484816027044,272.50077410074994,414.4783734076432,1430.6471472355415,3.817902592836684,6.566544670222135,0.17387387439596896,5.3899267840955405,0.5468333828022042,3,4
SU0100854,544.5231103175244,289.71970369545016,-0.4251367173949827,-0.1148333218786924,19.84256016366337,0.6929142973228768,17.873121147703294,1657.055091947962,33.09734707634637,151.6428106518105,1500.8865348466877,0.6589402664418006,7.005540842791798,0.4923937955917917,6.012797264881079,0.4631543812067598,4,2
SU0100855,503.5023356911989,171.80509013595588,-0.09865291631887031,0.007736271132320697,18.113759758125305,1.070860764888382,18.32069535130752,557.9976094197038,122.16692346932344,252.70794720063498,1600.5038844412502,1.9564995753132257,7.628149277757814,0.43577664631735813,4.924354678178054,0.5310986843975198,4,4
SU0100856,468.4249478856276,169.2252804174983,-0.0011154519968384086,-0.2088383478401306,16.755425334813836,1.2195875534831775,13.346997731550005,544.8666304841198,180.46524161736005,102.49768544845124,1573.8486268738045,2.7081935520830536,7.461553917961279,0.38860145845806837,4.900541050007677,0.5139199016442565,4,4
SU0100857,777.0763134659892,218.41847591676085,0.17550996063294827,-0.121320455245789,33.268600689702325,1.5434393661577102,26.808737936247542,858.0240122360752,365.78284678733473,147.59884739258365,1440.5781374100118,4.879453383970408,6.628613358812573,0.7792902491694937,5.354632085385485,0.4506033210034073,3,2
SU0100858,423.0655823927213,261.38685259305845,0.22312358668837426,-0.13777599537653518,15.148833259693445,1.6446015163709755,12.767394947885798,1275.7164925614825,442.52384356255686,137.8179143400629,1426.6755730692346,5.71872162889157,6.541722331682717,0.3306622765866931,5.7512632547051545,0.5439043462380841,3,4
SU0100859,655.4090155257607,65.61233287012799,-0.24045001222926576,0.058755137264688284,25.387127563471342,0.8863884296157085,25.078491780413273,209.3722654335386,69.28302668960903,312.5651951621294,1188.153828973132,1.2195719776993506,5.050961431082076,0.6423562418898896,3.9441138418781048,0.5142562075088905,2,4
SU0100860,579.1765255405913,207.0182880456526,-0.021257714331574803,-0.043890806285703673,21.43096252730771,1.1872697945243156,20.403129221816826,772.3204711521738,166.49564329365884,203.79643754347154,1635.1313375546367,2.5323328480752814,7.844570859716479,0.5404344604589623,5.24939958195987,0.5728164741092606,4,5
SU0100861,433.5370080487372,182.4519882843455,0.057475353398428915,0.20618846897416576,15.505477540685666,1.3186833867260734,18.907358129242542,615.6223688754635,228.1267541184879,577.7369265731774,1625.8117869266528,3.2922937533710885,7.78632366829158,0.34366214931864,5.022633738009343,0.6471645484763155,4,7
SU0100862,440.09066866606656,145.92811109342483,-0.03530699892194852,-0.01722871759657968,15.7329468889722,1.1652364192846247,15.438602932626262,439.43519572218196,157.39711462141634,227.74206089655587,1338.7160067515376,2.416475330779422,5.99197504219711,0.3519206550655047,4.685490256246998,0.6512746901245455,2,7
SU0100863,709.0032947965826,160.13093901540202,0.09625659735207803,0.026747899560460548,28.598110668550383,1.388663994363681,26.62925979031922,500.9935782904061,266.40731297806263,273.5404699553942,1615.17247694902,3.7466245870011994,7.719827980931375,0.7075162810157947,4.816593283219095,0.44245543011794963,4,2
SU0100864,523.7810068244618,176.2274956861233,0.09354631494174769,-0.075412512141856,18.948704606977152,1.3836548218658997,17.72349728525369,581.2476321986416,263.5347557774491,178.71300576667875,1100.0110841468165,3.712928988109274,4.500069275917603,0.463648981064081,4.965176883256523,0.4634640225853664,1,2
SU0100865,539.0113625720367,184.15247465771654,0.25256221839374765,0.06992957287897188,19.60100431952183,1.7104382505071596,20.738156981339845,625.3619082201147,497.8251313910951,327.46239377989247,1513.0448446770383,6.308349423748993,7.081530279231489,0.48474274174572296,5.038330535301999,0.547408697857485,4,4
SU0100866,748.7530087905448,141.64282060976652,-0.021042568161089823,-0.13071097441659618,31.239188642019673,1.1876104254451043,25.550767434911247,422.3919729190887,166.63898856541286,141.9352460596324,1727.0249677912486,2.534149571814866,8.418906048695304,0.7510431244975591,4.645933728705537,0.5813999149601291,0,5
SU0100867,422.64580671928974,172.56042432931,0.07644761448094203,-0.03008626952667305,15.13470848946032,1.352466757179519,14.545899102527827,561.9017394713883,246.1129207188045,215.86226529889143,1414.484700525984,3.5072258947058734,6.465529378287399,0.3301463320175738,4.931326993809015,0.4976581051212535,3,3
SU0100868,611.0131418634006,156.72647185130546,-0.06806366021441192,-0.16032741060664868,23.002082600929658,1.115439450247525,19.700609784576994,485.4942443064605,138.06786769297267,125.45775927978211,1512.422492244347,2.1665177012889765,7.07764057652717,0.5839383338314618,4.785167432473589,0.5355021248966474,4,4
SU0100869,492.10329724444637,192.9200940367667,0.11220033941038468,0.08418785663285622,17.660679311453183,1.418500677022424,19.151592503387185,678.0780548715185,283.9509061762198,347.5062797172124,1588.436560143962,3.9511280932541615,7.552728500899763,0.42027408526581733,5.119262406493231,0.5307463777091423,4,4
SU0100870,447.94029953057645,112.14548331404157,-0.0889734761007123,0.002358011416388348,16.009794090548368,1.084770776237878,16.070311838684447,321.71003107172146,126.9897145771153,247.107891159166,1374.1942205356027,2.0206550607250895,6.213713878347518,0.3619297312571216,4.373650615206538,0.5576845711293955,3,5
SU0100871,376.2177979758644,72.03552721454356,0.12291091812971924,-0.05692975144390135,13.651062109657852,1.438903297078696,12.29297406388526,222.1615603678432,296.38037277420807,193.01978610270618,1366.0746154841775,4.094739333403257,6.162966346776109,0.2757870082803651,4.003404866595787,0.462492228696205,3,2
SU0100872,626.146475451472,269.36900124541785,-0.06046107915092166,-0.025867604959509807,23.788788300942677,1.1268039108802155,22.53012507378764,1373.2625716917134,142.33105015927444,219.69018694036865,1671.4610943822515,2.222123053944252,8.071631839889072,0.6042095032260485,5.8249446268807805,0.405164343651335,0,1
SU0100873,904.03635572428,338.86651965121405,-0.4059506294130124,-0.011700387470010839,44.112688279772065,0.7108687212037874,33.573074042555156,2608.3162609491706,35.7373900966181,233.04891928507098,1384.9684749008698,0.7024586331455924,6.281052968130436,0.8772743766967293,6.466460181395822,0.5288182583276213,3,4
SU0100874,474.69068746913376,232.76434140115828,-0.016885486045198617,-0.10930886570399478,16.99035741338108,1.194211361046659,15.249490084288622,979.5129507437231,169.43308257802403,155.1738952510849,1472.4503741927801,2.5695095561574903,6.827814838704875,0.3969032532999759,5.487055459087615,0.5911827389569928,3,6
SU0100875,336.9301610022493,72.99481021695127,0.298911420125298,-0.07709120156501235,12.5097891384096,1.819476022963451,10.429097346226154,224.13751878261795,599.2301095367411,177.46735209624325,1478.0235220928764,7.362292759143448,6.862647013080477,0.23438375143018944,4.012259786618012,0.5181763675339542,3,4
SU0100876,648.6557867347856,295.2313450009178,0.08699007625939265,-0.18220381770479893,25.008983032627402,1.3716121068089577,20.799883633495014,1743.541997478618,256.71340449506357,114.52778144028615,1278.5402516786353,3.6326663883021335,5.61587657299147,0.6336918100440897,6.063673953854626,0.5180828179738467,2,4
SU0100877,501.71802408401203,68.07316747947097,0.12290113802616609,-0.1303584669457774,18.042078427882892,1.4388845337033702,15.949726487504176,214.18266769261976,296.36877847804885,142.14387104521626,1738.9282499401208,4.094605845663462,8.493301562125755,0.4333408932828184,3.9668292382720396,0.6956506077764577,0,0
SU0100878,505.3143641262081,208.533221627182,-0.18479208331263022,0.07484115917749373,18.186846025913272,0.954670098845443,19.509577924532987,783.1964701526615,86.5594678005733,334.23293605640504,1420.289212250501,1.4681841850214357,6.50180757656563,0.4382534108323199,5.263383584250911,0.46302117427293177,3,2
SU0100879,497.91970211446284,149.72637945365142,-0.04877391045056315,0.11396158833796306,17.8904312826161,1.1445002964126796,19.874014887861826,455.11548273540734,149.1428181883105,393.40513211477224,1374.3507851782829,2.3103991423375208,6.214692407364267,0.4281666807438834,4.720551194956782,0.6888018399819101,3,0
SU0100880,311.4892660914363,285.0029677566087,-0.15247659328600405,-0.00012158790439387962,11.82216485264631,0.9967033216352522,10.722556105149295,1586.4564557479036,98.50365231748826,244.56799874663042,1421.568621843517,1.6351665899666485,6.50980388652198,0.2099777340869318,5.969258163907157,0.5225017062769717,3,4
SU0100881,694.2443025439987,277.4887418198727,0.1785787057433463,-0.04858275988102173,27.67537128883818,1.5497675330272478,24.799787989805147,1480.1461003478853,370.300494370759,199.85094902430134,1529.4808355847285,4.92962220108309,7.184255222404554,0.690264732261547,5.899896078337286,0.4874337701065311,4,3
SU0100882,371.52094373655495,105.49044112763653,-0.06563599604761938,0.02995267572179304,13.509320774778024,1.1190558498706205,13.558359074007022,302.5418020633198,139.41512815796398,277.2176161184759,1194.1095744397592,2.184120753695727,5.088184840248495,0.2706059706670158,4.312219456562799,0.5462917037935388,2,4
SU0100883,822.8845224189145,252.92421948981814,-0.08777761147899987,-0.16762474911393432,36.83358444654845,1.0865018079161213,27.8184300532811,1179.8547792388026,127.59861978037932,121.70055317219295,1573.5728490343722,2.028725902427461,7.459830306464827,0.81995241404438,5.673146641444475,0.36460573998340007,4,0
SU0100884,749.827740858882,166.11681523758938,0.2746950480866101,-0.2072358582691759,31.31388615702449,1.7616661971145429,24.317147840025807,529.4546556827072,543.9080421199972,103.18435649553126,1646.9033960332533,6.791352829845909,7.918146225207833,0.7521578422875483,4.871847525270056,0.5419592930548641,4,4
SU0100885,490.4109043350255,90.96017476121061,0.08936218600675745,0.08113648617322293,17.594384478505482,1.3759571270276445,19.034921049249153,264.56683954622247,259.1608066225724,343.11603773481215,1785.6204483145423,3.661503858625736,8.78512780196589,0.41798503464451375,4.178093920872714,0.6306440210288474,0,7
SU0100886,443.0988407879677,114.74893206486153,-0.20527371502835795,0.17678692147673641,15.838471229155909,0.928951928711662,18.789181388588798,329.53496044929057,79.75066976098617,511.1239747532439,1375.4921145155415,1.371293264485957,6.221825715722134,0.3557415849432693,4.3976824498294915,0.6684183895177046,3,7
SU0100887,644.512967355172,201.44368730360742,-0.046030246884044744,0.07928074956027009,24.779800277568985,1.148694795618202,24.99685011203897,733.5837201398015,150.78862360814736,340.47321422900563,1497.5246779461118,2.331625919446798,6.984529237163198,0.6283330121993788,5.197941728956376,0.5204629366824952,3,4
SU0100888,675.280861596676,170.64181290062652,-0.11975021681082403,0.07197921305527814,26.53333626465795,1.0411574679673767,26.071687057458703,552.0379171832217,112.28037964885401,330.2709531539582,1489.7622950994296,1.8236365476324696,6.936014344371435,0.6673013875128858,4.913616734467322,0.5891128009406243,3,5
SU0100889,468.3052254962464,101.40711519573786,0.2602610943771413,0.1855933692916289,16.75096815096495,1.7280866131956734,19.916203813047844,291.35056044208187,513.3944086277687,530.2272590922521,1641.4055938019137,6.472335267997747,7.883784961261961,0.3884434430263999,4.274527217191427,0.5189751451700582,4,4
SU0100890,495.94276483100697,269.8512839832702,-0.05307450563511198,-0.0759067243616757,17.812007539395754,1.1379563662548808,16.632662115177897,1379.3897463243354,146.59914796430232,178.34537544828325,1799.5575481018325,2.2775151022990543,8.872234675636452,0.4254797538467869,5.829396467537879,0.5461857854708903,0,4
SU0100891,868.3165591324922,89.10452580514986,0.07772773241767526,0.2485299119059938,40.74650753720428,1.354777150942556,36.52114249803015,260.0736482972604,247.37636693568112,689.2067507157254,1504.760119145418,3.522223412188419,7.029750744658862,0.8542617359743009,4.160964853585999,0.5288796406185764,4,4
SU0100892,339.8046548322844,250.35229853829105,-0.1155192123961031,-0.011377027126798625,12.589954486028367,1.0470475888893724,11.636119458031086,1152.173955231462,114.19678567995466,233.36312581875384,1302.479635233182,1.8495381489004177,5.765497720207389,0.23726157609175305,5.649405832661149,0.6745515680077947,2,0
SU0100893,757.8793559306229,177.94699130114648,-0.17312234033803922,0.18430884590911584,31.879211629088193,0.9696406043527697,31.156011273565042,590.546955376693,90.69576273345649,527.3969678290194,1441.4509236724564,1.5264206225583454,6.634068272952852,0.7604021072887341,4.9810491504721215,0.4615836127345986,3,2
SU0100894,232.8187577549421,138.01226642690463,-0.21819571837949095,-0.07473850038273895,9.925952532450246,0.9130837933984819,6.419532239646544,408.47100021067183,75.73323702355313,179.21560563010672,1619.1053973916344,1.3134810970210513,7.744408733697715,0.14652527209785163,4.612420920863735,0.5199679868819814,4,4
SU0100895,614.024808780468,132.98324713040492,0.009775359954634702,0.2305080986503225,23.15654247336892,1.2374264919758111,26.331655318968018,389.9424656554824,188.50064710850495,639.348961559516,1444.2422275156966,2.808314645655316,6.651513921973104,0.5879975250050031,4.5659992042806605,0.5807543550095727,3,5
SU0100896,268.2050990556811,278.80689795709657,-0.07158099434172979,0.1260640379887801,10.738002759797862,1.110220533269052,11.142376707533932,1498.2659326427608,136.1389455471349,413.75202666085704,1480.2911526785751,2.1412648065195237,6.876819704241095,0.17285495595607156,5.912063673450122,0.5989263492016645,3,6
SU0100897,670.78223689798,150.5913779316734,0.16378596536427778,-0.09107818367917195,26.2694054427295,1.5194999297651557,23.179117262490806,458.7639448006354,349.0251077029885,167.4203252591272,1624.4694752044068,4.692442415881584,7.777934220027543,0.661729821512006,4.72853579629237,0.5187835764666776,4,4
SU0100898,612.9204307537708,149.97045484697304,0.0074963962059893365,-0.12896324420301203,23.099781981498097,1.2336721320755137,20.297518237040887,456.14201552720846,186.79011088842927,142.97262082325304,1539.609117550207,2.787061980373851,7.247556984688794,0.5865103785092428,4.722804198587443,0.5535350267967669,4,5
SU0100899,452.77236026695493,176.42318218463075,0.020100671425186484,-0.07396284639181347,16.182632161940766,1.254580050203305,14.986211014962468,582.2985100841425,196.4489666160517,179.7957480193974,1479.3986278832529,2.906652972901543,6.871241424270331,0.3681518623961329,4.966983220165822,0.4695558447284064,3,2
SU0100900,972.2319470129813,248.842712913532,0.04096411584473267,0.1406535512972034,51.3309156846632,1.2899698179041115,38.76435712768044,1136.2301733299812,213.54689630638478,439.684077674726,1183.3196037305956,3.1159904177141984,5.020747523316222,0.9125944686493308,5.635471196124911,0.3453856209732795,2,7
SU0100901,478.1276088850169,90.39333066586292,-0.03549082866724938,0.024678796871387857,17.120619833740218,1.1649508474648878,17.616275848940454,263.1861335120945,157.2814200768589,271.19234256761115,1647.2663197344978,2.4149950508762594,7.9204144983406115,0.40148268183077707,4.172861513838734,0.458938881257983,4,2
SU0100902,621.9335235088129,180.9353300548951,0.052126396489962694,-0.06237263409043198,23.567114207327275,1.309312070145432,21.757870901613302,607.0637534207157,223.29763908697876,188.6916166695564,1721.301622377939,3.234112848555649,8.38313513986212,0.5985989252607725,5.00863381589134,0.541719308125622,0,4
SU0100903,869.3528002306784,128.62473751065545,0.11142410099333303,-0.007160217667263431,40.84044499935432,1.4170333102109127,32.29993860340532,374.56554504528776,283.07061910100674,237.49955735860945,1447.5612133333177,3.940917916780338,6.672257583333236,0.8549770007495189,4.525766807790665,0.6005852272374038,3,6
SU0100904,496.1487737458739,6.972253084773655,-0.4594302184761461,0.1526906592340859,17.820163700288244,0.6619444594775986,20.45062996624097,121.85365770364773,28.85487990379181,462.29863582306155,1696.8413532607512,0.5877614788547818,8.230258457879696,0.42575954549127604,3.402820797705603,0.7009872757004758,0,0
SU0100905,546.8449153092081,95.97873787013707,-0.06293757639765021,0.0013709418433575362,19.94520374579271,1.1230893446201438,19.900151292747385,277.11126903608636,140.92808071642784,246.0936753810761,1338.8738841143825,2.2038549537669523,5.992961775714891,0.49561805012121746,4.224419118801265,0.6818859778379094,2,0
SU0100906,953.1105183358727,211.08824554746155,-0.0016295620047293853,-0.15539603741693186,49.19545060562245,1.2187518370603594,33.0865862005573,801.8875775627073,180.09450699760023,128.06225473028175,1747.4294233849682,2.703556495118765,8.546433896156051,0.9037412209639505,5.286968420438106,0.5561045448679237,0,5
SU0100907,497.9504082860898,211.27631576384493,-0.08785672934837783,0.017625020774618222,17.891652094608236,1.086387198350514,18.26959955736935,803.2808897403645,127.55824484574353,263.3377915432988,1269.2053038646943,2.028190944735243,5.55753314915434,0.428208448468218,5.288704453204723,0.6369669751401947,2,7
SU0100908,531.2060125955788,255.32205594121078,-0.03017042667624291,-0.016343965054077404,19.263952117833288,1.1732442378775172,18.99672329448233,1206.2606919183345,160.6644925259915,228.58317434417302,1306.0292114732868,2.458206234692501,5.787682571708043,0.4739209275228896,5.695280516380407,0.6107805578414515,2,6
SU0100909,392.3488082758435,148.38254574205013,0.00015707791238052135,0.014546902042722784,14.149283947484781,1.2216585921437169,14.111568689217073,449.50481964070866,181.38617312487395,259.9819204442051,1227.0244895651585,2.7197054745817097,5.293903059782241,0.29404058374474695,4.708146576080463,0.5315355307609587,2,4
SU0100910,693.1414393558684,155.40802775594634,-0.033709763131998235,0.019488726101127188,27.607627340393652,1.16772060665122,25.891423632191447,479.62146552140416,158.40593505690933,265.39068555852515,1479.84633079248,2.4293752435909863,6.874039567453001,0.6889532552110426,4.7729971792856585,0.4675587598089917,3,2
SU0100911,543.4576977399572,244.61475605038325,-0.15767639209006357,-0.04493782673829816,19.795636814901084,0.9898170118496128,18.996613355360033,1092.7403491588564,96.47601532908745,202.909294742385,1278.9389881703876,1.607069005436527,5.6183686760649225,0.49091446925758137,5.5964439020035375,0.6253105560392277,2,6
SU0100912,533.3755227691818,124.7370238156189,0.013839840021476606,-0.14443202578745432,19.3570504463713,1.2441506895112928,16.946292122343944,361.36199778071693,191.59032339997898,134.0482610972931,1334.640714966335,2.8466213507676734,5.966504468539593,0.47692684719917655,4.489880219836482,0.4331893176118576,2,2
SU0100913,357.979737239668,268.2269429599874,-0.10996774969238939,0.05594701471817746,13.10885957401591,1.0548265372522077,13.464995582401158,1358.8615742124423,116.7609872385248,308.92933496965446,1366.1917728070525,1.8840822538528506,6.163698580044079,0.25601606650163455,5.814402550399883,0.6107626996610576,3,6
SU0100914,365.3052398323632,182.54981530451417,0.007927696480342321,0.279336640371191,13.324003721340965,1.2343817802756336,17.473036666333975,616.1785384324525,187.11263952610386,783.6031204133972,1600.8680460768264,2.7910717306831363,7.630425287980165,0.26384439476556787,5.0235367566570535,0.5025676788536582,4,3
SU0100915,673.3088134570925,318.9813405815385,-0.24444541357264424,-0.10109784510824721,26.417312862451997,0.8816790147249064,23.110378660416146,2170.9164450561866,68.18457359959179,160.57465565880793,1462.096390541873,1.2034373913666183,6.763102440886707,0.6648646405575269,6.282904682291125,0.5166329418286439,3,4
SU0100916,490.10379430062255,95.2249027364392,0.21059340803250182,-0.1707130318171943,17.582380992689107,1.6173535635444187,14.825485914737637,275.18968971089595,420.8908902877648,120.1445619633599,1467.9659504604,5.484785721952875,6.799787190377501,0.417570027556996,4.217460640644054,0.6336664473408559,3,7
SU0100917,544.5667257137466,116.33937915132,-0.20230134845609365,-0.027599903523333854,19.844483459364646,0.9326408145775569,19.32870760792347,334.40856698555865,80.70452182028727,218.11019178471943,1378.8752694639254,1.3849474155588661,6.242970434149534,0.49245435862375647,4.412363499858339,0.5664184873362382,3,5
SU0100918,297.73879340964766,232.84732289769542,0.017332428474669696,0.02278036732229724,11.466383044457194,1.249957942355908,10.569514754635698,980.263528484523,194.2856917920722,269.0556396809471,1730.5722845184027,2.8799552665584214,8.441076778240017,0.19758593718845668,5.4878214421325735,0.5149763601302507,0,4
SU0100919,419.3529949480197,144.39536415745323,-0.028878985428488692,-0.010915787374959433,15.02436658467568,1.1752662128891864,14.737353347284774,433.26165215382497,161.49659490906566,233.81204184391305,1367.0883621437163,2.468811140760684,6.169302263398227,0.3261133954123786,4.671341822991876,0.3881531797573553,3,0
SU0100920,449.0327798417731,203.38866830864785,0.020438745938023837,0.14394653637909924,16.048708830599317,1.255145699733904,18.472605933498386,746.8731811018708,196.7148038758887,445.75845959940125,1812.8778470342063,2.90993037018819,8.955486543963788,0.3633325341011946,5.215895399772134,0.6107467017166776,0,6
SU0100921,798.8537156334806,229.8403289971028,0.25648488838910755,0.2221024361149521,34.91820257389752,1.719407665836937,33.37935176544012,953.4286334985525,505.697949628585,617.3442544317035,1652.1864273246283,6.391376295873374,7.951165170778927,0.7993955213838168,5.460064575357872,0.6065104117139669,4,6
SU0100922,513.0582090512738,177.31307673734585,-0.05067559970253931,0.07455019330740668,18.502523556205855,1.1416019938626023,19.80587801822854,587.1014491709626,148.01262899780005,333.82797168248334,1384.7443140225043,2.295799925789666,6.279651962640651,0.44887129395777486,4.975197631421654,0.5347115032176073,3,4
SU0100923,126.069420667906,292.0008431602131,-0.03307118738794776,0.05466965248038922,7.829761469933649,1.1687152674422812,4.424971678425052,1692.3171049231744,158.81106900542505,307.2894750113813,1733.2458711538243,2.4345518847781022,8.457786694711402,0.08665571874851326,6.033853936863506,0.5740234749952944,0,5
SU0100924,809.9818663768176,99.28704221016115,0.3596064884396553,0.13045322381865188,35.79246802245886,1.9728423456034858,32.28462631163155,285.70428652423595,763.8916454328037,421.38845290243586,1533.4723987978625,9.013183102979006,7.209202492486641,0.8091263975032913,4.2549573127091795,0.6640063466100357,4,7
SU0100925,339.64572052191306,161.2400328799829,0.2166375594603569,-0.22404722170739577,12.58550865843775,1.6304402645199665,8.085435436284467,506.1489900766445,431.19060781024086,96.20390117003777,1589.6732439934087,5.596409314231682,7.560457774958805,0.2371018236796008,4.826831072738304,0.5925740927876123,4,6
SU0100926,904.4606470279892,77.10789771805463,0.24144465855474498,-0.06713648917786832,44.1543004052489,1.6852707129534839,32.66563923145733,232.81094937910788,476.1717622564078,184.98312938851967,1428.4784864141031,6.0788499706069645,6.552990540088145,0.877527933967641,4.050226748166658,0.45223964904321656,3,2
SU0100927,354.18663325595344,206.22895258450495,-0.1668497872172033,0.08883412003834985,12.99882781102238,0.9777841068519204,13.865604405037356,766.71366111139,93.00012629203337,354.2993463011708,1393.9254324848393,1.558671791053005,6.337033953030247,0.2520229694964576,5.2421134084723535,0.45295729553210823,3,2
SU0100928,454.994353655219,201.88596746415988,-0.041602989289652906,0.004105214199935805,16.262735769212313,1.155495605504927,16.373756212146333,736.584760671784,153.48272850921836,248.9134035743276,1611.3931938937735,2.3662900976127714,7.696207461836084,0.3710280146527567,5.202024315053784,0.6365937161293559,4,7
SU0100929,494.1828444539024,112.1255689875497,0.01141417183837743,0.05647795033248861,17.742481993983805,1.2401333272150588,18.770632012082128,321.6508983045047,189.74037443115634,309.6135147487355,1266.2839510444878,2.823697621790305,5.53927469402805,0.4230914752928841,4.373466790654305,0.47875133623939325,2,3
SU0100930,420.54635872667063,166.4915577331755,-0.11415508554401786,0.08484488701162796,15.064262873009817,1.0489537294841533,16.379773178453213,531.2892961718927,114.82160440076434,348.45892554395544,1243.1786877666532,1.8579673139705468,5.394866798541583,0.3275720591076866,4.875306686767774,0.4236225042244461,2,1
SU0100931,489.90001392793675,168.58256773090932,-0.21819658092871555,-0.07280986111770778,17.574420697102045,0.913082743292795,16.449280634124634,541.6436525082837,75.73297572942437,180.66158384494628,1435.8329892129457,1.3134773205528076,6.598956182580911,0.4172947173528074,4.894608317516086,0.5185361642382283,3,4
SU0100932,577.3386669920725,136.99737251246847,0.221675445001241,0.05858455676802867,21.343614180432077,1.6414290920837298,22.039579662492184,404.6622098521958,439.9679045314161,312.34311773318564,1370.8618366973885,5.6911830845954405,6.192886479358678,0.5378975471453187,4.603052669345863,0.5575609194694059,3,5
SU0100933,572.322757349009,258.9568958423558,-0.09005736433745266,0.0920806437264688,21.107029305480673,1.0832042147836556,22.402784625680383,1247.4202337488325,126.44033573692828,359.12458038452934,1506.6967161251964,2.0133676856496607,7.041854475782477,0.5309641546133642,5.728832884698669,0.6693253213159014,4,7
SU0100934,782.3604614750934,192.80365479851903,-0.03934239315240908,0.06079270916153469,33.661561600808696,1.1589836714730248,30.049451987834768,677.3496320153628,154.87687205374792,315.2301335693267,1471.1279956596534,2.3841882010768836,6.819549972872834,0.7842980385647145,5.11818758275556,0.6844245684782668,3,0
SU0100935,564.1246140718622,153.6332288866656,-0.06894226291108885,-0.14556427022384488,20.72598094263372,1.1141335111859725,18.12321937684167,471.82795663839016,137.58349213534382,133.41735298937223,1589.0494604949317,2.160181955840083,7.556559128093323,0.5196074594121508,4.756614420492298,0.4843991037888398,4,3
SU0100936,747.6666853937945,95.95922148989774,0.019086217345987547,0.13802685101969442,31.163866568705416,1.2528842455396758,29.987485282309137,277.0613516043017,195.65342796037115,434.89815587357873,1155.640469660218,2.8968406858919202,4.847752935376364,0.7499129830667356,4.224238967599057,0.7114612435033749,1,1
SU0100937,473.4486645043403,189.17119984053906,0.08571738382745157,0.08713548673386642,16.943527815621724,1.369286560040324,18.47526173184434,655.0144060070506,255.409856513272,351.8005965668752,1543.8214301215492,3.6172881409304294,7.273883938259682,0.3952527431305604,5.084657229297283,0.6297907666965095,4,6
SU0100938,643.4327283259263,294.45727410209975,0.07834913142818958,0.23575626238597044,24.72038693478695,1.355900092316174,27.562766030218864,1731.128321783646,247.99200945657876,653.4838109648213,1644.172614438025,3.529526660439802,7.9010788402376555,0.6269304422511535,6.056528684019382,0.405539989938539,4,1
SU0100939,1019.9984821098114,142.66763294898078,0.22433160228026028,0.0032152131743326084,57.07927387546891,1.6472525898555228,38.331305634953765,426.40667835554984,444.66732091125425,247.99205802506467,1669.7744412164127,5.741795737162512,8.06109025760258,0.9315727199545257,4.655393534913669,0.49492168713073653,0,3
SU0100940,662.6340177561258,163.54261454936363,0.23685046673848328,0.05264018009004112,25.798021868790467,1.6749789906753476,25.257548136461136,517.0221271712963,467.5011772717592,304.70194939055744,1649.7508226082505,5.986467802415811,7.935942641301566,0.651523925166397,4.848085672763356,0.3768738502821544,4,0
SU0100941,534.5969176380474,206.68585627878923,0.033542235965956076,0.11533886564614207,19.409660927801124,1.277267437211603,21.323305668915324,769.9541603286997,207.30039893308322,395.66923887133237,1441.4553207780073,3.0398478147266355,6.634095754862545,0.47861987511820053,5.246330981034977,0.5539029684027705,3,5
SU0100942,762.6208175946986,31.88521477605181,0.08840257524575118,-0.04006617911922639,32.21688537926388,1.374197741796626,27.600817698917837,153.3597698367789,258.16793937833745,207.07014218493137,1354.0291000714205,3.6498105086893435,6.087681875446378,0.7651683075726603,3.6327865979327862,0.5769235379420784,3,5
SU0100943,770.941233425558,247.54434904647178,-0.020266954635994292,0.10508891565131383,32.81811070745992,1.1888392296650652,30.343641005182487,1122.6938492215666,167.1567811773548,379.12671208373513,1638.890863751335,2.5407097840847177,7.868067898445844,0.7733721803121305,5.6234862988905086,0.5430102983605467,4,4
SU0100944,425.2455006421226,138.70978797704856,0.12567800233022056,-0.005057617645522884,15.222396224067277,1.4442218577550114,15.064142508657163,411.10949134906576,299.67903222249396,239.5893924006229,1332.610844843106,4.132682345299989,5.953817780269412,0.33334813984702566,4.6188595813266025,0.41521097315927,2,1
SU0100945,699.7296613773483,144.45940255282545,0.04955816334839726,0.1487648288482948,28.014789883281793,1.3048362462901963,28.302233978812904,433.5178390744871,221.01545990527822,454.79804057036165,1290.5720837034423,3.2065445008251063,5.691075523146515,0.6967420414197798,4.671932946641466,0.5463890095589724,2,4
SU0100946,519.2750536806035,204.68328691581743,0.1858739997630652,-0.15953421775948895,18.75991366544751,1.5649157672248395,16.146237347143096,755.8521024617244,381.2655061838812,125.87307936733795,1591.1676717929226,5.05096846026192,7.569797948705767,0.4574297755353181,5.227845725376777,0.6325219019994962,4,7
SU0100947,516.4521284877791,171.06594546194697,0.06276740534773834,0.04137804934677458,18.642597947606937,1.3280210127686012,19.384994708082097,554.2034204416498,233.00726221645704,290.73393579283197,1593.1764171787397,3.350885651546691,7.582352607367122,0.45354014359991274,4.917531804264126,0.5949024421120974,4,6
SU0100948,373.2449849891828,244.36732235082133,0.17501747432853573,0.022329947242835785,13.561176994552627,1.542426201841117,13.49835964807104,1090.2473745722345,365.06298389563483,268.551162956596,1260.9351509520534,4.8714497420258285,5.505844693450333,0.2725006104576997,5.594159898622966,0.5408203435199928,2,4
SU0100949,584.9930578493023,105.60098454385688,-0.05402070953655202,-0.169124326507025,21.709769156322942,1.136521619815742,18.542102363466896,302.85067350915267,146.04534590173364,120.94250969741235,1597.166755997831,2.2703431062775983,7.607292224986444,0.5484489766447869,4.313239857327909,0.5632764251921641,4,5
SU0100950,253.759030333436,202.84521600282875,-0.008476342108543686,0.061969713930528574,10.398761724164038,1.2076764334411514,9.512346411809098,743.1358864925068,175.22916500396605,316.7798779582882,1437.3548105991315,2.6425530818644574,6.608467566244572,0.1616796816526292,5.210878916949189,0.4858816479405581,3,3
SU0100951,411.24796723759476,145.01893592435368,0.0028237644871570563,0.017755015850975046,14.756182528163107,1.2260100309305202,14.900004545644936,435.7627178416515,183.33132921582813,263.48046608069797,1469.4848195507036,2.7439885806671334,6.809280122191897,0.3162964249271156,4.677097870070957,0.5161344360802785,3,4
SU0100952,486.7474117590133,343.00211105795063,-0.1156087727247313,-0.0669566410255431,17.45172840599937,1.046922564452807,16.42423310686924,2709.8129010953894,114.15588300029187,185.12180164872524,2027.0166573389038,1.8489860804954776,10.293854108368148,0.4130421736589397,6.50463487130416,0.5836810641968443,2,5
SU0100953,301.60348013733477,234.77466825852213,-0.13650583338017214,0.10908738093661165,11.565282628404368,1.0181550573116325,12.158258354284325,997.8593378964151,105.00171322776454,385.49597574763266,1466.246035300691,1.7245748483813226,6.789037720629318,0.20101210490906335,5.505612322386358,0.5148163320408474,3,4
SU0100954,839.6496943889649,216.8160879228509,0.14594841561738112,0.052190361542393565,38.23173720389109,1.4837874214601374,32.133994140832975,845.4261430997154,324.98975620687315,304.1313984486503,1428.8888761931044,4.421569478630421,6.5555554762069015,0.8332954210500251,5.339840811595547,0.5989083536206566,3,6
SU0100955,767.6587706832029,188.75797282864096,0.2702463906519759,0.10205846438422903,32.57959450858166,1.7512477272296127,30.16548215519504,652.5206760387567,534.315005301785,374.3696212923968,1533.917207963458,6.691387837474769,7.211982549771612,0.770160092380855,5.080842826110532,0.5701189224814255,4,5
SU0100956,574.7026832141725,98.66947893632555,-0.013510829371290766,0.026542378240940058,21.21895427024156,1.1995968725815729,21.403032873455707,284.0802386296221,171.7357026502014,273.30632689623496,1433.4263805973553,2.5985767780505955,6.583914878733471,0.5342555349644037,4.249256728643005,0.5770141614963756,3,5
SU0100957,553.83534826392,230.28997292141995,0.09946685715985966,0.02005839451018095,20.257457475283903,1.3946206965870893,20.483459007655462,957.3941193808565,269.85031830844395,266.021369971219,1281.2459373916804,3.7869319921998743,5.632787108698002,0.5053266710605214,5.464215134659261,0.6932578190944937,2,0
SU0100958,524.4596202571943,174.74238050981643,-0.05137812730490816,-0.05860939872786438,18.97730137612439,1.1405331519858908,18.029939697870923,573.3338187424976,147.59728102846944,191.67364726273019,1747.0492876800838,2.2904300063800456,8.544058048000524,0.46458664534951444,4.951468127782921,0.6608835456308865,0,7
SU0100959,629.9908126439807,173.01248996200286,0.09286769775206297,0.008855637812324728,23.992885800616545,1.3824034255017215,23.25834778858244,564.2514059118333,262.82036894507223,253.88933697590574,1469.5643330683042,3.704539622181755,6.809777081676901,0.6093053915140191,4.935499907341565,0.5770484737205065,3,5
SU0100960,470.5916055498199,196.39717716022312,0.030633138843245325,0.07235232255095093,16.836293796041456,1.2723227730478273,18.117767813897736,700.1947834464547,204.90215148754868,330.78479925545315,1400.9380868039025,3.0105128996843225,6.380863042524391,0.3914651359346713,5.15135855840206,0.6068109082301233,3,6
SU0100961,386.863931268909,142.78316764461948,-0.0793387588718616,-0.1286462126848414,13.977870533076796,1.098795948657007,11.511716004599108,426.8616726165531,131.97928316013628,143.16160739738334,1662.505965341706,2.0866031786775228,8.015662283385662,0.2877552124841382,4.656460009027257,0.47247580190481625,0,3
SU0100962,424.1950592667991,261.60150118163176,-0.08558740527804756,-0.022577122216571596,15.186903810238674,1.0896793292720048,14.731300267877105,1278.2466667525673,128.72139999255123,222.72295780469244,1338.0753598533543,2.0435911933264155,5.987970999083464,0.33205253355339637,5.753244626291985,0.6166360966098148,2,6
SU0100963,702.4125239543916,228.03148376802403,0.08062947422909154,0.0088306933223372,28.182310606905464,1.3600289219190502,26.074331931376406,937.6413712481962,250.26438446333574,253.86295026375194,1416.0997332899224,3.5564573183636634,6.475623333062016,0.6998820473530878,5.443367542474068,0.48480245546671835,3,3
SU0100964,782.1829948171007,229.71227766222836,-0.10399563408006364,0.004779812186776136,33.648289096254935,1.0632594623379894,29.109002223777964,952.3023348862413,119.58380990663507,249.61403979987605,1451.981585122398,1.9219645891131514,6.699884907014987,0.7841311981724939,5.458882563035954,0.45974314354354,3,2
SU0100965,581.9772477918344,152.99297682445228,-0.14288049994435284,-0.1774959064970114,21.564761072956625,1.009537865005939,18.285294528065595,469.04766830408124,102.35815640357983,116.79657226638501,1249.7914399670926,1.6883161425063122,5.436196499794329,0.5442964057979967,4.750704401456483,0.5202859097844289,2,4
SU0100966,534.6829053235152,123.10544733944946,0.09761091414858415,-0.00786558501395548,19.413370152884806,1.391173847735759,19.273242123459664,355.9604089676443,267.8544287401272,236.80256363404163,1592.301649695784,3.763576544106541,7.57688531059865,0.47873908530880943,4.47481951390261,0.5353671367849834,4,4
SU0100967,408.31882566272094,187.41764212400992,-0.18940117680274837,0.06473262247639774,14.660443463771074,0.9488212043371989,15.569053594823556,644.4972417417829,84.9782458696413,320.4477576166994,1350.0561269578986,1.4457999167317235,6.0628507934868665,0.3127879038546791,5.068470542683168,0.623458602122676,3,6
SU0100968,489.07796567645534,249.0646785601446,-0.1683934782882473,-0.08133236408745845,17.542345510179253,0.975773647786612,16.275270374848958,1138.5605974578489,92.4276417313502,174.35878336643947,1560.9495914957713,1.5506720315446032,7.380934946848571,0.41618464346669753,5.63752010978595,0.6436397674741404,4,7
SU0100969,849.989603496686,182.68880063925673,0.27566184461801335,-0.03475974597905167,39.12038017624117,1.7639385584323888,31.086933258553596,616.9695667956108,546.0155081092586,211.69948068920374,1675.8028195780755,6.813274321441931,8.098767622362972,0.8411231767350784,5.024819698208524,0.4746255202432556,0,3
SU0100970,625.6360912353857,27.789952344331027,-0.16823865174796857,0.05600121576969178,23.76182265794593,0.97597510279026,23.87475714420431,147.6706085493904,92.48490046784578,308.9991107433545,1290.0097836479163,1.5514725220412962,5.687561147799476,0.6035312284003784,3.5949841754861325,0.5841559688631348,2,5
SU0100971,713.1624617462254,147.41418747331193,-0.1453429433511297,-0.056902393902568654,28.86365664873493,1.0062287272088537,25.396833613977066,445.50473901282015,101.35490076572292,193.0417896350057,1345.4700289305304,1.6745149180375507,6.034187680815815,0.7122748382761613,4.6992078843690335,0.5419029153587266,3,4
SU0100972,568.3763124798547,160.10934199870744,0.25115388602802324,-0.08632845836243704,20.922732555514727,1.7072294434309168,19.27582673484262,500.8937116298454,495.02860269033005,170.76666459688334,1722.62930868085,6.278804650548747,8.391433179255312,0.525500511820521,4.816393926141915,0.46670086109503095,0,2
SU0100973,563.0999625894788,256.9018515556245,0.16970357283799767,-0.05043094772402821,20.6788415044473,1.5315364243426364,19.66892719419037,1223.9801493982113,357.3852356201399,198.31785090168336,1588.811155211415,4.785921446305991,7.555069720071345,0.5181863660733865,5.709863245128842,0.5836943266931381,4,5
SU0100974,452.81094785330686,220.03674591462482,0.27937382580785586,0.056604079807515674,16.184019885251903,1.772690474196786,17.163827079976084,870.9372775735451,554.1831918136612,309.77627163789384,1590.6170206513073,6.89810051501891,7.566356379070671,0.3682017309867799,5.369569962288844,0.6037723982560567,4,6
SU0100975,287.02421067607474,209.91460375840876,-0.1525139362257791,-0.07078643288373597,11.196591000989411,0.9966536964278787,8.593389867118418,793.2471232527334,98.48893975251208,182.19117168104967,1845.9106849901605,1.6349630628757736,9.161941781188503,0.1883180011083107,5.276134803923774,0.5297390712272952,1,4
SU0100976,416.7686612270391,254.9178676285905,-0.14215155042635652,-0.05369029730276126,14.93832948135154,1.0105195448454842,13.923942981561055,1201.7685558443663,102.6570476601869,195.6427765883637,1699.8483468777868,1.6924234546518526,8.249052167986166,0.32296607311923603,5.691549547340835,0.5534214052246368,0,5
SU0100977,268.91253187722475,215.35932493097025,-0.059469882306976314,0.1847821783836294,10.754896959308974,1.1282940746673618,12.148523657174785,834.1337561645437,142.89648267929155,528.4381363301425,1403.0100883785385,2.2294770672387125,6.393813052365866,0.17341760086948435,5.326393768593571,0.6340980778980742,3,7
SU0100978,869.6256458258285,124.68869045224791,-0.02898195311372892,0.04663503289733406,40.865215031304594,1.175104871376105,33.207136774848905,361.20081059519566,161.4300928829173,297.17245803700223,1362.8246795913321,2.4679639269335474,6.142654247445826,0.8551648467930725,4.489434065713057,0.5716235957366265,3,5
SU0100979,509.5143482489214,164.07060784643127,0.00734075890621674,0.008551765869427706,18.357383882827584,1.2334161514372681,18.568087418615182,519.5481320887916,186.67386104387603,253.5680827020411,1526.2209230521664,2.7856164526998977,7.16388076907604,0.4440057875643259,4.852959457043981,0.5020938923634573,4,3
SU0100980,450.06908961704437,172.29180672638603,-0.006713646185369277,-0.052661920793594004,16.085710161495665,1.2105181265947016,15.236099249658492,560.5102035429867,176.46903382999164,196.48288534332949,1551.830342733763,2.658125511307249,7.323939642086018,0.3646653638762974,4.9288474467051016,0.4048190601059843,4,1
SU0100981,418.5160733963887,161.80469129681444,-0.12841727805459074,0.19550376177706694,14.996449850198227,1.029195019886594,18.14513221725512,508.7940431328795,108.45451709174331,552.5804354964439,1503.0178954759922,1.7717050827673375,7.018861846724952,0.32509241845002385,4.8320433042782875,0.5641415742580723,4,5
SU0100982,463.01847256621704,178.97437017575754,-0.18228801964541008,-0.020378044331408815,16.55532358412315,0.9578628320293011,16.277750972051628,596.1740459114691,87.4308260622631,224.7731074208153,1350.078651424679,1.4804902276798004,6.062991571404244,0.38148953135118663,4.990532647776224,0.527807713219507,3,4
SU0100983,89.21501806555051,106.67979145117083,0.21958896067715,0.09964772989290509,7.214070632602855,1.6368690166157538,3.7413795340976046,305.8815926472406,436.3112403580231,370.6280038543329,1711.046293746437,5.651738530030157,8.319039335915232,0.07176309984719889,4.3231980749338845,0.661017701573674,0,7
SU0100984,671.1377363496059,150.56353545035623,-0.1555876419398434,0.13760935265396362,26.29016644051885,0.9925774946141501,27.004401180050735,458.64605416702375,97.28544919674931,434.1422748983588,1510.3308759019824,1.6182972672219595,7.064567974387391,0.6621717703639598,4.728278788772519,0.7495218253105526,4,1
SU0100985,484.28236431806425,308.2382305607312,-0.023518768604363288,0.16032583167104406,17.35639123745347,1.1836958758580551,20.116411362442122,1965.9630634558532,164.99660956235854,477.2422858045585,1771.4706779571927,2.5133187844436997,8.696691737232454,0.4097260523018599,6.183737512868288,0.46816400574554307,0,2
SU0100986,462.7003459076437,112.8563503295955,-0.18449167323873353,0.080048022062994,16.543623965070285,0.9550525654581332,17.93914715301382,323.82798508589786,86.66354366339898,341.5634382364567,1468.5394607601565,1.4696551124325978,6.803371629750979,0.38107259844685987,4.3802124645808815,0.554189305855211,3,5
SU0100987,650.1230442951904,59.26985580853055,0.19301490059355822,-0.041891299600790105,25.090659715372624,1.5798868029841253,23.195485618133127,197.4662926741424,392.31284770534285,205.50141474778593,1585.184208998057,5.172638993878616,7.532401306237857,0.6355819029159673,3.8855678997710514,0.5996570271382838,4,6
SU0100988,796.7433809374913,173.18426979410282,-0.3185456188564396,0.0068553136144273025,34.75483240321264,0.7987338506218516,29.709831152254008,565.1468265184077,50.69450512642831,251.7820435526318,1532.1130973058562,0.9400532752544766,7.200706858161601,0.7975088194585833,4.93708556733018,0.46725913126879065,4,2
SU0100989,576.5483177979289,156.53380174279104,-0.20141309239237656,0.08057818740111407,21.306160617679737,0.9337460340720725,22.37540437104914,484.63156340472375,80.99177695382882,342.3187934597126,1409.8039758563527,1.3890541186979697,6.436274849102204,0.5368059662582593,4.783388939164225,0.5174896628210345,3,4
SU0100990,466.7358074883248,260.30610883516954,-0.006137424266008845,0.00949197846549858,16.692649303984357,1.2114485200621115,16.92014771008205,1263.0530927455593,176.87624423836692,254.56339729984447,1429.4982152981765,2.6632359849610863,6.559363845613603,0.3863742281887963,5.741287158478488,0.5870293457803925,3,5
SU0100991,792.8772487211208,222.11095313662292,0.10303004420022842,0.07274762470612146,34.45751856549277,1.4012621865319048,30.657686750923393,887.7733647056069,273.7239664276904,331.3300812972883,1279.1611770702139,3.8321786541458214,5.619757356688837,0.7940181151033708,5.388716490491904,0.479910493464069,2,3
SU0100992,513.1022691521573,132.81883723794033,-0.1596805537133997,-0.22466108890446887,18.50433525168491,0.9871755383556228,14.820736763064968,389.35112618913325,95.70569304532161,95.95814718317283,1284.5553258985374,1.5963687003777884,5.653470786865859,0.4489318494139298,4.5644815745040646,0.529477955412592,2,4
SU0100993,537.5032539726008,128.45150455151258,0.011838781902483898,-0.05206003690900515,19.535424397902286,1.2408356234530933,18.646348150451054,373.9670658534266,190.062910948327,196.97625324049622,1674.4917739798157,2.827697019524217,8.090573587373848,0.4826503765304495,4.524167734321654,0.537069938878013,0,4
SU0100994,675.3395586523087,193.20889454915502,-0.21031065588660824,-0.010878981088461052,26.536797443087135,0.9227340635283425,24.692999818337654,679.888121465075,78.15995065909577,233.8479018977452,1302.3001441074107,1.3484617257714437,5.764375900671316,0.6673737799391568,5.1219282573768155,0.5413503329426463,2,4
SU0100995,415.8764528984759,204.82759717651254,-0.20135315061993017,0.0017642190335324642,14.90874081914959,0.933820664244072,14.813487929944051,756.8596399707686,81.0111984447097,246.49726858732714,1591.586493210111,1.3893316876466666,7.572415582563194,0.3218831957300005,5.229177820090885,0.6226076455447197,4,6
SU0100996,412.4498035808399,181.1538131934664,0.02762204593673603,0.18565515354513215,14.795645238727916,1.267224903898148,17.745078253895976,608.2892952293597,202.4490365971556,530.3637753942855,1262.987190279978,2.9804475877065,5.518669939249863,0.3177420855889625,5.010650583324305,0.4771117963943161,2,3
SU0100997,1054.8032486924944,162.24867654286163,-0.2836490714854912,-0.06990601720177991,61.6692234618629,0.8367760876861458,38.466137162456235,510.883525421316,58.28843563400597,182.86074892105452,1056.980284565702,1.0560157448284688,4.2311267785356375,0.9429164929699719,4.8361416296264155,0.5692736569964922,1,5
SU0100998,695.7612568500793,120.74194554903104,-0.07060858833772603,0.11083849864426949,27.768822654508178,1.111660913640049,27.515801632685356,348.2785443104769,136.66950603073778,388.3189654027964,1219.9655256246288,2.148216662991318,5.24978453515393,0.6920636361253294,4.453002574298748,0.44427430302403637,2,2
SU0100999,508.9392672911848,131.09823556465682,-0.04408003462103817,-0.15165003832878263,18.33393890707324,1.1516856139892722,15.87569308917748,383.216114444187,151.96950284164683,130.07677334022037,1534.2901577474413,2.3468325109000197,7.214313485921508,0.4432172228708141,4.548599097519909,0.538061353185601,4,4
SU0101000,648.8542889619459,193.025967531219,0.031003510874403523,-0.17355688254361365,25.02001733022029,1.2729512385720807,20.951718750571004,678.7410602697935,205.20593656311775,118.72932502866502,1578.8146482631796,3.014231894156131,7.492591551644872,0.6339477591004347,5.120239700288176,0.5235306878556447,4,4
SU0101001,520.0123046230688,248.13718446540264,-0.10791533347753428,0.16214211941508005,18.79067388752661,1.0577170812998684,21.536180503370677,1128.8544380266255,117.7235013656087,480.86769227366943,1731.1160478996949,1.8970161829751437,8.444475299373092,0.4584464884541201,5.6289586258344855,0.6102227549891498,0,6
SU0101002,373.48825406186404,37.89093903424944,0.16182523713899113,0.013366207359729562,13.568510120848146,1.515532682619518,13.358424447290206,162.1017221404543,346.2984406657207,258.70606438028767,1380.768404668566,4.661873738509289,6.254802529178537,0.2727686186020366,3.6882240526238412,0.6438849875004482,3,7
SU0101003,394.9194014419943,152.42990821498873,0.07873355464754911,-0.13363233979378528,14.23034202994587,1.3565952564305963,11.741882170625578,466.6160911996724,248.37363834199436,140.21803222434212,1482.4830544628692,3.5340523327818247,6.8905190903929325,0.29701375369183736,4.745506845061435,0.637130974713069,3,7
SU0101004,587.9999338518033,261.0827118935392,0.17004035370089968,0.0009286001305943264,21.855318410725,1.5322243016517618,21.49325187419115,1272.1400017269755,357.8670020788928,245.6405202045653,1126.121379782818,4.7912971523145105,4.663258623642612,0.5525825403701838,5.748455802094209,0.4615382163827755,1,2
SU0101005,687.4001402292081,79.23365768145634,-0.049003888288042495,0.040617673642683885,27.25763444400877,1.1441494039428721,26.02030001406949,237.42437407725293,149.00568310283188,289.814280814264,1735.1313113218416,2.30862868570564,8.46957069576151,0.6820771675765023,4.069849147828828,0.5039984242836469,0,3
SU0101006,434.1722123650367,176.59102517779246,0.05263694547151536,-0.018509619287531285,15.527379987103092,1.310203664171213,15.187092381625906,583.2013760085159,223.7541225715615,226.52981873495943,1667.8829358217297,3.239621444643197,8.04926834888581,0.34445856408637154,4.9685325401027,0.4860684933577223,0,3
SU0101007,571.6289680082278,208.93882616605623,-0.060034921485878495,0.100765192387196,21.074512529585185,1.1274443543143995,22.52054640677324,786.1342867731656,142.57387893916194,372.35770628126625,1523.833366598776,2.225281879583027,7.148958541242349,0.5300041404227971,5.267127626148211,0.613107657052182,4,6
SU0101008,584.9387394487898,204.46629714666983,-0.0948587635274033,-0.0756926046229468,21.70714878128439,1.0762918366635672,20.097185345959375,754.3396591440561,124.03514413472574,178.50456005221366,1695.9034367886043,1.9814009035553204,8.224396479928776,0.548374241672892,5.225842742892337,0.6008408355616266,0,6
SU0101009,365.86627007996765,191.75612260256403,-0.35606640803031386,-0.06887281964392998,13.340625567601577,0.7597580811072512,11.691363509044354,670.8315450069455,43.62953668428701,183.64965949202525,1653.764428259185,0.8295366170815461,7.9610276766199055,0.2644502246588446,5.108518054792899,0.5399883529031073,4,4
SU0101010,571.2242805398856,343.93521897618626,-0.058838042720422756,0.0405926668592655,21.055568624325012,1.1292450096522297,21.501933135316644,98.5112989831247,143.25809006067067,289.7840852084397,1574.4463800637343,2.2341775883546813,7.46528987539834,0.5294440609449643,3.1901712520878736,0.6269884569067492,4,6
SU0101011,512.1536046807829,169.2323721794303,-0.19981761441147936,-0.024542584700783764,18.465366552096576,0.9357345100180557,18.119152659239607,544.90229993864,81.51031220408929,220.90643269886067,1298.1479900163522,1.3964611483630927,5.738424937602201,0.4476283585810455,4.900606512425511,0.4021703904155667,2,1
SU0101012,354.6677133800959,278.0645190072581,-0.040584180226991486,0.026385283562803893,13.012731858981669,1.1570663112892576,12.843499135272683,1488.0338215669149,154.10948310741196,273.12748972648467,1417.840599808311,2.374339750963793,6.486503748801944,0.25252712088172924,5.905210944682382,0.4067559184438483,3,1
SU0101013,718.5003624873473,38.807120909386725,-0.08321890151874876,-0.006553785702007333,29.208076105005674,1.0931259814637482,26.443562112807832,163.47843998165382,129.94670357904448,238.10043002854889,1536.878342948777,2.0597892291168716,7.230489643429856,0.7183138585573425,3.696681116086647,0.49188243163769046,4,3
SU0101014,219.1669330501046,127.92893599819652,-0.11231369814294935,-0.09277121941860964,9.629346924867319,1.0515322671557732,5.588082628305018,372.1675010602947,115.67045089652248,166.24344537159587,1655.2093744332165,1.8694065100544297,7.9700585902076035,0.13729256280491758,4.5193440245987375,0.45291177774886865,4,2
SU0101015,604.1762693988686,190.28930741916452,0.1440682616207505,-0.015975824608431746,22.65525218907399,1.4800724147946303,21.840591177593247,661.8098124775988,322.5548007101832,228.93407136438253,1626.5809547516094,4.393945359954124,7.791130967197558,0.5746818911180596,5.09497822233075,0.5362223889524722,4,4
SU0101016,628.1906547852641,82.30882932892936,-0.39574171144366627,0.045305622427902405,23.897097561796944,0.7206111444605667,23.79584139322531,244.26051683240917,37.2269571802167,295.53090794261834,1568.9893001662767,0.7267744929034241,7.43118312603923,0.6069220739713562,4.098235347651656,0.5880401866521506,4,5
SU0101017,455.51214734415777,276.83194639367423,-0.06898167236055329,0.05050548236068434,16.281459299166478,1.114074969539641,17.167230436061985,1471.1995263268057,137.56180548598485,302.0037727468826,1595.1417960006524,2.159898202539351,7.594636225004079,0.3716995720048879,5.893833351326224,0.6874992127799289,4,0
SU0101018,492.93466843782994,137.54246109510507,-0.22472180766229846,0.18628404079949676,17.693337425592485,0.905173105404631,20.88552667479611,406.7034339246692,73.78185021770739,531.755343716011,1567.4257451277665,1.2852166556994435,7.42141090704854,0.4213998223469105,4.608084256262508,0.5862448884715442,4,5
SU0101019,1111.0067634383056,201.12790817710948,-0.19534821076500483,-0.023508428999157133,69.87316685721585,0.9413273916721892,41.42512253928149,731.4485219514708,82.98062584044584,221.86036833072444,1344.0348145842154,1.417421388806704,6.025217591151347,0.9575765439501184,5.19502684471178,0.5183305284333782,3,4
SU0101020,477.5338715041707,141.8434145806418,-0.20899237580330954,0.19110019604067552,17.09804550286733,0.9243573856900908,20.36687604806234,423.1748139234808,78.57318604659199,542.5340328636355,1547.815687110143,1.3544002647656046,7.298848044438394,0.40069031931088067,4.647785365359771,0.531962237223981,4,4
SU0101021,686.3748093128338,210.6193728652104,0.041353609911307126,0.08219976873201922,27.195598267519287,1.2906399060061229,26.673460952143856,798.4244632808194,213.87985660734572,344.6395321223576,1521.429559001385,3.120038577633351,7.133934743758656,0.6808406614548702,5.282640364909635,0.6036177165593274,4,6
SU0101022,685.5602141579996,190.5767177771322,-0.03305917402441735,0.18364773617446906,27.146413015289387,1.1687339878607061,28.332581709052242,663.5679374165666,158.8187006092045,525.9461866352663,1423.5357536362505,2.4346493772528612,6.522098460226567,0.6798564754412666,5.097631241019682,0.5813050880341877,3,5
SU0101023,624.503513933032,140.37873960286367,-0.12117335779672399,-0.04246224250438212,23.702093185292302,1.0391837226842155,22.189654833433764,417.4919608439044,111.64303219976318,205.0131225574523,1421.2453034919026,1.8150060614339238,6.5077831468243925,0.6020246711122125,4.634265288641819,0.43334955506889083,3,2
SU0101024,432.7308851465304,197.30449400124655,0.1898915376222898,0.06652696022083598,15.477726136920033,1.5733210706643632,16.548317092712338,706.083703582541,387.4419962487461,322.8525339027986,1084.074480260762,5.119064932873353,4.400465501629762,0.34265270303006523,5.159733790780737,0.6013042971805862,1,6
SU0101025,449.5326785387708,209.4502048547046,-0.002120288881594211,-0.02312251513041933,16.066547022714655,1.2179546655075717,15.707562246556318,789.8539419912834,179.74134486345937,222.21740110801406,1483.6422835260573,2.6991377506475667,6.8977642720378585,0.36397520855320625,5.271848044812658,0.5482060553384176,3,4
SU0101026,791.9928949762439,178.7220878394693,0.16283041997718004,0.11278870390147885,34.38986809369119,1.5175652276258875,31.29064653632302,594.7873149325882,347.6936165977552,391.4872441559165,1606.7272876133845,4.677520054471056,7.667045547583653,0.7932134042025696,4.988203887748948,0.40707049438962584,4,1
SU0101027,750.9938781090892,150.2364158811868,0.10735909216121585,-0.11670393998884962,31.395138700231985,1.409373749188767,25.87136292665042,457.2632312906794,278.5050991804716,150.46546409138597,1310.388153071479,3.887878517213524,5.814925956696744,0.7533635746704549,4.7252592235186475,0.708111098946496,2,0
SU0101028,377.7430479691394,254.49693153836358,0.017763048215478156,-0.05041440700322058,13.697410128727938,1.2506758238456923,12.460878415412857,1197.1080674920497,194.62063319098587,198.33151937353688,1492.827378507167,2.8840921201675997,6.955171115669794,0.2774826415779075,5.687663983431048,0.44591244027749516,3,2
SU0101029,547.5242116703384,109.62187959676264,-0.05931656914709784,0.11103594767634913,19.975334713971098,1.1285247413491963,21.754318470674537,314.3024728777814,142.98414120013433,388.6385685369431,1540.6705082492251,2.2306167190001136,7.254190676557657,0.49656145930696316,4.350355811662425,0.4314263600895583,4,2
SU0101030,703.2678628444966,179.53851547590574,-0.0813277902614008,0.08960115646907171,28.235929162524705,1.095885756494971,27.45376949621495,599.2867168966599,130.933405496238,355.43349313564187,1473.2469060836797,2.072814541840697,6.832793163022997,0.700879217852706,4.9957401428545145,0.456747092807543,3,2
SU0101031,882.6057480609288,178.87631621208578,-0.012207780672332571,-0.04861262060767079,42.06112361868869,1.201682861679226,32.12445763668605,595.6346848560277,172.63315941378517,199.82608517711213,1688.7945183132142,2.6098882328605466,8.17996573945759,0.8638697328690479,4.9896275342654075,0.5080097193486368,0,3
SU0101032,271.9036254139112,135.8859519767614,0.19901619006821886,0.09985585937485407,10.826621517936703,1.5925793269913295,10.849405311233003,400.5318956297858,401.84432415562935,370.9495541528751,1459.1974955744222,5.277155915510311,6.7449843473401385,0.17581251557791935,4.592793402862413,0.659860411331238,3,7
SU0101033,684.6296011879389,162.67169136375057,-0.02488647826516196,0.0395181278334521,27.090331459873866,1.1815392398438538,25.894231065644046,512.8822988052352,164.09640441857857,288.48955072632367,1366.8980880537895,2.501886562904277,6.168113050336184,0.6787301559138195,4.840046381819236,0.5503604052407481,3,5
SU0101034,605.5324056303923,70.34719449044492,-0.028398048385184678,-0.036366742243882595,22.72362985519712,1.1760200933193996,21.553481181561654,218.72609884272157,161.80757271408908,210.28671463482635,1664.4908831936516,2.4727721239866853,8.028068019960322,0.5765223488834615,3.987820256834876,0.4024402404951173,0,1
SU0101035,481.32891645333206,148.68594792130185,0.1440106445882401,-0.005225588323787118,17.242850471085635,1.47995871598809,17.242364723344238,450.7654833020633,322.4804706741088,239.42176776273863,1787.375143304379,4.3931015540105305,8.796094645652369,0.4057637148391385,4.710947211581248,0.6029770705525109,0,6
SU0101036,476.1598610458866,195.57781527633233,-0.053110321405418714,0.1031275308588504,17.045918694593688,1.137902025173959,18.84723122165421,694.9189485240682,146.57814722301114,376.04094932728714,1286.848365873438,2.277243215336532,5.667802286708988,0.39885865253369895,5.143795217935375,0.48410432187429336,2,3
SU0101037,632.0241853398858,259.67416916703536,-0.3302952894208798,0.16493654591884988,24.10154550845498,0.7863182115139884,25.93877186186528,1255.7067861215687,48.367052203471395,486.4993706489978,1477.578379451519,0.9039472264908665,6.859864871571994,0.6119912083132588,5.735453869234172,0.399290003045027,3,1
SU0101038,9.688988459919074,80.58990572246182,-0.0029557283768102626,-0.007907764537066153,6.045467775225836,1.216598717614797,0.0,240.41542404287816,179.1416952896861,236.76094971090825,1601.3120695534897,2.6916316527164907,7.63320043470931,0.04734787606378067,4.082368360515032,0.506041025795123,4,3
SU0101039,350.55270163968925,153.14938480204196,0.0050415430367365946,0.027692735394633284,12.894279732344154,1.2296407547100119,12.705261764787359,469.7253524460161,184.96491753454634,274.61947096815663,1373.733648116415,2.764348942613576,6.210835300727594,0.24823637171649157,4.7521481674034645,0.6221157360268288,3,6
SU0101040,438.14858108967394,123.46837144888124,-0.08135872642024347,0.12898082108431286,15.665193728784029,1.0958405540994547,17.799902949336982,357.1549004902257,130.91720419214994,418.81114393670447,1478.7525675294944,2.0726008031282515,6.867203547059341,0.34946384419672055,4.478169582605058,0.4944389197544183,3,3
SU0101041,716.6993950807379,319.2786550966685,0.031452395146342155,0.148061095303852,29.09141461338182,1.2737133436672443,28.950439174870674,2176.882581740081,205.57472241810518,453.4664245009235,1665.7724720919664,3.0187454076869717,8.03607795057479,0.7162849656889982,6.285649123969248,0.5015488198673335,0,3
SU0101042,554.7941524857218,96.63459906924082,-0.03074133995424526,-0.07514284429508687,20.300665569608523,1.172351483425881,18.93405852508218,278.7940179337755,160.2980091773346,178.91392342041652,1435.5382468518983,2.4535326078974684,6.597114042824365,0.5066581515273227,4.230473222177608,0.4900083974895731,3,3
SU0101043,498.3225745247979,214.59512460721942,-0.01792378656599935,-0.22372478373064628,17.906455257059957,1.1925592378732655,14.261575947120257,828.270350832025,168.73085200863204,96.33323716169386,1380.6207096162423,2.560631850861497,6.2538794351015135,0.4287147645813701,5.319339611758949,0.42844805179533985,3,1
SU0101044,593.9308406767182,212.71562866352218,0.03848223327812476,-0.09448852719592649,22.145273559263188,1.2857081349874755,20.1336127952736,814.0244630455829,211.43739144200458,165.05814460163094,1539.4966286609947,3.090318348251693,7.246853929131216,0.5607139842276497,5.301990418432513,0.5123908595384901,4,4
SU0101045,345.11941904495455,228.22544478108045,0.12270416305856578,0.11386745773002072,12.73953079387843,1.4385066843442431,13.930212813915244,939.3216368602177,296.13536152256466,393.250864601724,1402.6642239948071,4.091918278553136,6.391651399967544,0.24264631952211368,5.445157951825358,0.6443489850154464,3,7
SU0101046,461.15519476094784,222.47758590000336,-0.0766368992650013,-0.026877859649492502,16.486916046591755,1.1027614770888732,16.096959913211986,890.7829480597475,133.41337661638195,218.7673678839884,1112.6115428177297,2.1054804199870905,4.578822142610811,0.379050044617808,5.392100792923108,0.5258469428466468,1,4
SU0101047,566.396194021305,153.34677487135048,0.2634282102127709,-0.13949593023903317,20.830869284056856,1.7353994433527957,18.31269759684464,470.5820014417325,519.9396987199768,136.83378722571345,1409.8270020633718,6.541026000941991,6.436418762896074,0.5227567587450412,4.753970229581697,0.4776101912011318,3,3
SU0101048,448.5201437808152,247.04184909114582,0.22170476914904455,-0.084095113310273,16.030436691687107,1.6414932713507966,14.651975925193817,1117.4983363529498,440.0195142936267,172.36316831494238,1384.3187931642874,5.691739408764384,6.276992457276797,0.36267399086386076,5.618847837764423,0.45742970811248684,3,2
SU0101049,785.1313695734746,252.86528644955968,-0.015897269998318017,-0.1675319035568256,33.86947460511728,1.1957859165933664,26.351799313021363,1179.2131159781286,170.1041539956169,121.74764292867674,1290.9339895269998,2.5779876139993934,5.693337434543748,0.7868909027771603,5.672602644149782,0.5636503560307675,2,5
SU0101050,648.8808253203698,45.700587673625364,-0.04819648658068241,0.19419550674688604,25.02149279627407,1.1453817847510557,27.08195720824026,174.218997993375,149.48769080332758,549.576479750547,1465.1985269391544,2.314850356738206,6.782490793369715,0.6339819693926261,3.760313116987311,0.6691710472632499,3,7
SU0101051,666.828303212023,109.52182594570175,-0.0439006940027784,-0.015443308625364348,26.0395998787333,1.1519610389312844,24.28593442560038,314.01232586934293,152.0785591718144,229.4425980364223,1347.5981491050388,2.34823587163572,6.047488431906493,0.6567954778321367,4.349432239498785,0.47241055817512473,3,3
SU0101052,821.2183465813409,116.47155971995815,0.16176541146130202,-0.05237813740380197,36.69745610974921,1.5154117970812244,29.67441118809989,334.8168373710393,346.2155804248742,196.71535016652203,1495.8977072186924,4.660944165347252,6.974360670116828,0.8185818185330985,4.413583628184229,0.5949475534590859,3,6
SU0101053,442.25943887715783,216.91378037714466,-0.3069644549322573,0.05276488660975642,15.808954671299931,0.8111632585303576,16.689504066496525,846.188872383025,53.09815491448211,304.86031686360747,1105.0351800685382,0.9770525417031237,4.531469875428364,0.3546735158841786,5.34074258809672,0.5318522618641235,1,4
SU0101054,703.7637373573284,220.44919489379444,-0.19476157184429116,-0.14035972753122203,28.26706070668,0.9420639720859126,23.64037210504241,874.2594486753889,83.17557313746885,136.34218636830656,1389.8124735483784,1.4201958157464205,6.3113279596773655,0.7014564473395469,5.373377183635026,0.5648972689886508,3,5
SU0101055,184.2520257921334,179.1404675698437,0.04671440607000967,-0.03396446170451804,8.910467631344348,1.2998980973743892,5.210393307952109,597.088805039979,218.5156472893927,212.40214954066107,1584.0513548884883,3.1762926612873073,7.525320968053052,0.1158907001994043,4.992065854490865,0.5678979326660963,4,5
SU0101056,452.5022333081988,54.14769158313314,0.02001196223562343,-0.11436904382759733,16.172920932058872,1.2544316686060248,14.302269453747776,188.3470711249458,196.37927166747167,151.9364463639892,1407.4651800221527,2.9057936105314797,6.421657375138455,0.36780284334718516,3.8382863838443058,0.5883299374370469,3,5
SU0101057,805.1200090181832,177.5260919762694,0.08310972546688059,-0.17333752093834687,35.407843145210606,1.364533984827935,27.032375001734678,588.2569992326873,252.75961579555494,118.83789403471609,1539.2837729592056,3.5859822243854755,7.245523580995035,0.8049200346516999,4.977163925934795,0.545207524985827,4,4
SU0101058,771.2609645127127,144.87019905813082,-0.03624564257435561,0.12705773605593537,32.84143670478551,1.1637790091093747,30.722221998648862,435.1648454595405,156.80726342431328,415.4686804875153,1485.2745932168561,2.40892644901951,6.907966207605351,0.7736833542207019,4.675724914382746,0.46129268949701857,3,2
SU0101059,1009.2939891922222,109.89147038311233,-0.009705012232428556,0.04160257872307358,55.73750776771534,1.2056996051923543,38.55480922508209,315.0855981273979,174.3700824318474,291.00605601783775,1542.8188014449784,2.6317524608872582,7.267617509031115,0.9276831627944889,4.35284434199796,0.5348205036794882,4,4
SU0101060,516.7431333052646,164.7294286912829,-0.1673900787887058,0.25802630573072743,18.65465759278805,0.9770799758241698,23.0071158351613,522.7173510574933,92.7993545831649,717.024211069381,1464.8014531658596,1.5558671932072115,6.780009082286623,0.4539408573061128,4.8590408802272265,0.5977544794258477,3,6
SU0101061,489.76248561731103,156.94036129689357,-0.06831654940044754,-0.18598149455871008,17.569050450236713,1.1150634035503233,14.557738420250264,486.45373359847514,137.92827482521506,112.73919090760168,1474.300617580677,2.1646921744970147,6.839378859879231,0.41710894375940155,4.78714179658671,0.5174393876544456,3,4
SU0101062,760.8744116532598,102.2144923570065,-0.08657207663322825,-0.10781285601048986,32.092097103558935,1.0882496333019913,26.403790630785274,293.5300237037034,128.21540402467272,156.14417304260132,1730.8048630418893,2.0368946368180225,8.44253039401181,0.7634204673728039,4.281979929449291,0.48044732441162635,0,3
SU0101063,651.2139720507046,243.0604957713887,-0.02191843671231123,-0.1652173201128562,25.151560388223153,1.186224314139838,21.18247691120202,1077.1747109867933,166.0561946652606,122.92746912483702,1281.7353825978096,2.5267617552760484,5.63584614123631,0.6369845127960565,5.582096884043588,0.6187811251836864,2,6
SU0101064,323.09307661602566,205.48172971889431,0.01715236647308945,0.045255898117323265,12.130978560796796,1.2496578851379625,11.930106837023052,761.4434944565495,194.14580829135573,295.4696848240306,1575.453569255342,2.8782272168379244,7.471584807845888,0.2208716521407454,5.2352159666359475,0.4753063372465679,4,3
SU0101065,374.40492777734653,226.47026371652618,-0.09440169158465947,-0.3300178190406178,13.596178061998934,1.0769479603080567,7.671005762886513,924.2256765033216,124.26212350049192,61.86321598336097,1603.8008476614184,1.9844220136131316,7.648755297883865,0.273779991259935,5.428956280460241,0.4670990969544986,4,2
SU0101066,634.0844580229456,270.533420205603,0.0025143685892921436,0.11949189979962371,24.212144621919904,1.2255043719378218,25.261482808663835,1388.1026721077287,183.1045817094275,402.5756042364247,1524.6076288857923,2.7411601100776757,7.1537976805362025,0.6147056334649155,5.835693109590181,0.6769943462512918,4,0
SU0101067,358.8207204237209,179.46602627292816,0.10097424075622012,-0.022849410841205453,13.133380992465918,1.397426486391854,12.184426724680165,598.8858496452557,271.48230519786443,222.47041389245743,1684.3550394644271,3.8060077400675,8.15221899665267,0.25690698943596424,4.995071011750106,0.5154368368391375,0,4
SU0101068,922.4868072932,317.9428377776959,0.04231079943409495,0.06631214164255401,45.958943284707395,1.2922881402250446,35.59080042211145,2150.2050798797754,214.7003205154874,322.56368518336615,1690.667429699942,3.130009369861795,8.191671435624638,0.887890380481217,6.273318502563347,0.4550242080826107,0,2
SU0101069,313.83999737599765,261.66722940074624,0.04109827093094991,-0.027180629517574748,11.88408362287453,1.2902005798916105,10.362989405995886,1279.022442471905,213.66152066765795,218.49155786376232,1501.7797284609858,3.117384149195053,7.0111233028811615,0.21215236176180843,5.753851348314581,0.3591166822108745,4,0
SU0101070,515.6987833977398,131.05196195244048,0.13771074504226236,0.11940369340608073,18.611414480060258,1.467579326393194,20.656125355569003,383.05246206992217,314.4556284473776,402.42767416313575,1592.2688374607858,4.3018097954134245,7.576680234129911,0.45250306808361185,4.548171956484066,0.5816366919039314,4,5
SU0101071,280.4775852303518,218.39180019979682,0.09440969182850759,0.14942311845224762,11.03488149359957,1.38524855981084,12.008958066495586,857.812760655096,264.44644840799924,456.04720636400737,1838.9135699888316,3.72362990249543,9.118209812430198,0.18282158030797802,5.354385847998125,0.4145951461142714,1,1
SU0101072,480.0741713887216,131.7526685847531,0.025876078257761132,0.0016082229861646435,17.194838812564097,1.2642782900583038,17.307465937108585,385.53809880515286,201.04008439574687,246.33710148101272,1462.5468683071767,2.9631520816588934,6.765917926919855,0.40408402763812445,4.554640017705413,0.632208348912094,3,7
SU0101073,351.74544198745895,112.32710461948061,-0.1536337906647063,-0.04323931049111843,12.928501793884575,0.9951666641226139,11.56944534688254,322.2498317034152,98.04875327264556,204.35040793955497,1303.4255654541046,1.6288713708184936,5.771409784088154,0.24947500761933236,4.375327119564436,0.5461142808960584,2,4
SU0101074,520.211764966444,128.8765175900598,0.13106493810842937,-0.007140063394408425,18.79900460981293,1.4546324409570415,18.72256758101046,375.4370941485921,306.20651270140297,237.51950249139676,1670.0235782450886,4.207560924810833,8.062647364031804,0.4587216159767161,4.528090931600552,0.5343960119036455,0,4
SU0101075,545.6449201183561,143.4191436956888,-0.0010569810803226797,0.08546775673584557,19.892087601675875,1.2196826377256023,21.255098394644612,429.3749545782931,180.5074544259172,349.3644522333318,1434.1865228367524,2.708721438721716,6.588665767729702,0.49395157299799164,4.662330557190973,0.5914729570027731,3,6
SU0101076,403.7055470117666,229.3382867589436,-0.0869858740967891,0.10220158478748605,14.510916316359937,1.0876493789890511,16.014131019137913,949.0204423476953,128.0033587247988,374.5929375846351,1509.7562467893863,2.034087034113763,7.060976542433665,0.307305444060237,5.455430339313326,0.6716762986712851,4,0
SU0101077,342.2678092742424,84.04850973472857,-0.09243258689633503,-0.16615331376411757,12.659056773762764,1.0797791730215194,9.15230402015191,248.21465992968402,125.24472864525319,122.44898888366707,1278.7624168914756,1.9974899692871484,5.617265105571723,0.23974688074455644,4.114293936012879,0.5997240608367901,2,6
SU0101078,549.2478171857215,148.82073651422317,-0.05804438959581481,-0.07166851971916073,20.05199164300349,1.1304406139111756,18.77627311745871,451.32667584266693,143.71360163769157,181.52278224466127,1764.059066851047,2.2400959535310445,8.650369167819044,0.49895530316707026,4.712191413977445,0.4911595433885571,0,3
SU0101079,312.0158983450061,231.7432901366113,-0.03236334350217313,0.24465284265814624,11.836008358926044,1.1698188120602677,14.822610091052676,970.3243242321495,159.261359952748,678.1624387415237,1415.8070977929383,2.440302942415802,6.473794361205865,0.21046348752457647,5.477630370491797,0.6176787343805434,3,6
SU0101080,744.7955195078749,146.11317090686975,-0.11143811518635537,0.08896398371170855,30.96566259150488,1.0527605889899465,29.058114376056942,440.18649997136265,116.0762774528674,354.49110907185906,1591.982706866229,1.8748705481372758,7.574891917913931,0.7469095824862801,4.6871985006787975,0.4371511919431259,4,2
SU0101081,346.88158546515024,15.132049678379644,0.08930802809682034,-0.03141926317628946,12.789515650430582,1.3758577719987108,11.577296159595463,131.3863207869394,259.1046702727495,214.66665936711638,1474.055932643955,3.660842920298562,6.837849579024718,0.24444991421516904,3.478141997031197,0.4146844721838518,3,1
SU0101082,352.34157644392127,148.9326706831082,-0.10084884002217313,0.014140329062115745,12.945640088608787,1.0677299790541017,12.548955679409977,451.7932449291665,121.09854551929342,259.5418698496189,1593.3549002610903,1.9422307816822377,7.583468126631814,0.25009562510961114,4.71322465245946,0.7315690055428158,4,1
SU0101083,546.3969345944334,252.50117310130145,-0.12449591654696619,-0.2009935577970427,19.925357922193395,1.034590239646987,16.509988159832808,1175.2563792201663,110.16908630450496,105.9033454237759,1443.63173652638,1.7950154183441358,6.647698353289876,0.4949959095783539,5.669241597858167,0.42218226257006075,3,1
SU0101084,552.6411700904385,129.27048190693677,-0.2931407080131878,0.20832301750322127,20.20377093363667,0.8262529831523592,23.574762461904076,376.80489187264357,56.1169085866025,582.8982092631775,1413.9901259031392,1.0231276984747157,6.46243828689462,0.5036682259778634,4.531727525294801,0.4189904557644642,3,1
SU0101085,711.6709222913121,132.64006643494645,0.1635249050535993,-0.08800732016136592,28.768145506429473,1.5189711136407753,24.82041386419493,388.7091519008532,348.6608315199911,169.5762761972264,1413.4563695579525,4.68836082379221,6.459102309737203,0.7105736601696916,4.562831382476429,0.5775865367581637,3,5
SU0101086,656.7794885267398,229.95144292713888,-0.013461170809399353,0.06343400658655,25.464561800651648,1.1996763022185073,25.209769108037936,954.4070355006829,171.7698186304662,318.71852955076287,1619.3005771077474,2.5990069522718766,7.745628606923421,0.6441034797063317,5.461090242404359,0.566045531085348,4,5
SU0101087,524.3215396124267,86.05582836497653,0.08987612351699832,0.005060843896938104,18.971479162742362,1.3769003247939613,19.08574060543223,252.85672679338603,259.69412445766187,249.90650041578732,1433.8214636238868,3.66778184850396,6.586384147649293,0.46439583391208655,4.132823031061322,0.6522213090873329,3,7
SU0101088,292.9899460756032,286.86236049871763,-0.003340991795169847,0.038102181420347804,11.346014612866574,1.2159739301260846,10.640200926612588,1613.9208197302003,178.86584092987383,286.79253771193487,1436.7929416751567,2.6881772472463727,6.604955885469729,0.19343645375466104,5.986421789218932,0.4166341669981336,3,1
SU0101089,524.8702182761597,201.75841894803153,0.10143381696038911,-0.023763983812668168,18.994624927941114,1.3982830474153893,18.62666431386174,735.7180375232832,271.98183142721507,221.62425454034027,1149.193625407293,3.8118427102495227,4.807460158795582,0.46515410522938583,5.200846944135676,0.42666709243339,1,1
SU0101090,919.3635322773929,108.9851610548125,0.21405741873588124,-0.11209040849011145,45.64106454311717,1.6248408810733976,32.49596389150787,312.46060890794746,426.763363146756,153.38584833053415,1470.8070544435411,5.548483954655191,6.817544090272133,0.8861515314505444,4.34447840973673,0.6000166607679923,3,6
SU0101091,402.36499961544274,283.4939838243385,0.011359253710261646,0.055302101555960374,14.467752704608674,1.2400425228050453,15.180340566533223,1564.5117624973102,189.69869826411113,308.1003135064556,1457.18287871694,2.823180761807541,6.732392991980874,0.30572238583886696,5.9553290814554325,0.6026976229613673,3,6
SU0101092,834.1826931729752,171.46641405449105,0.2594569186123854,-0.07339149700549415,37.77007399964493,1.7262346923880139,29.828357562190803,556.2558984760257,511.74562450919757,180.2242837007292,1622.2553662962737,6.455008850301726,7.76409603935171,0.8290334725421602,4.9212284374260715,0.5891291468994441,4,5
SU0101093,357.65522691717354,193.89763080142657,0.0011048906775559177,-0.1023830611532214,13.099409736729818,1.2232034395666136,10.813541138669724,684.2243239058096,182.0751588798514,159.71706591729256,1557.2803894710603,2.7283116343576452,7.358002434194127,0.2556728282485214,5.128285822782399,0.5617031636886815,4,5
SU0101094,536.934349484701,175.54246451118547,-0.013501538838542906,-0.044123954549559294,19.51074269042094,1.199611732532316,18.75649212635683,577.583787565148,171.74208483346618,203.59855540214036,1522.373455202397,2.598657253172198,7.139834095014981,0.4818612267027683,4.958853518564789,0.4984868630108976,4,3
SU0101095,1028.2257084645998,88.39333904475447,-0.08771041158516885,-0.06068905254923288,58.132436562732444,1.0865991626857285,37.586182231136114,258.37190848898575,127.63292284530635,190.01992739962853,1826.478946291926,2.029180387211961,9.040493414324537,0.9344294515050616,4.154400052720811,0.4443892280018001,1,2
SU0101096,626.6660136374998,196.1456142280251,0.0500403457011822,0.14836117951331282,23.816269014694072,1.3056754080289268,25.454142411124646,698.5707339223488,221.44215027597392,454.03377125790394,1694.5326975595342,3.2117024420675153,8.215829359747088,0.6048995316372122,5.149036439027924,0.5139234538783907,0,4
SU0101097,584.9231409089184,58.83336791011064,0.01486395127828936,-0.09527873133983028,21.70639635026814,1.2458507148922986,19.7701432907941,196.67227813387566,192.37677235021198,164.51558149992806,1470.1788118463173,2.856355479263015,6.813617574039483,0.5483527797310725,3.8815387807087136,0.4151702508146644,3,1
SU0101098,622.8770116094336,69.72303478758549,0.02224269101873796,-0.14718067116270592,23.616577802490433,1.2581682852096492,20.381094820988427,217.4695373708503,198.13938824965197,132.52180573738013,1364.0574343782584,2.9274809329795772,6.1503589648641155,0.599857714435793,3.9820587826546356,0.642378568203613,3,7
SU0101099,655.825230264452,254.69820394858527,0.23395906987519352,-0.09274064485677178,25.41061952961044,1.6685340499124095,22.569748207115822,1199.3342409411187,462.12539846467007,166.26462513940766,1739.8354659905394,5.929047441233984,8.498971662440871,0.6428872833403914,5.6895218826023255,0.4327595475056879,0,2
SU0101100,684.2980602180826,147.93304855100186,-0.13954502139589745,0.0737363840765331,27.07037979995504,1.0140375859279707,26.45164207642321,447.64359603646494,103.73296101227622,332.69792084036266,1651.1922440270741,1.70719202246935,7.944951525169213,0.6783283885294693,4.703997371240017,0.6232214709317236,4,6
SU0101101,588.6747800010626,188.57722458640055,0.07902998785498537,0.03645168906206292,21.888118504530695,1.357131548917625,22.111547373297928,651.432888684389,248.66831779004187,284.8270169026442,1586.616934333757,3.5375460935029013,7.5413558395859805,0.5535092768065749,5.079174380797544,0.5663199568888572,4,5
SU0101102,701.7010884111455,74.23149257422219,-0.019691021262957933,-0.16606157926147033,28.137790480941685,1.189752503193374,23.13179378385337,226.7108271232461,167.54230975963986,122.49580115078425,1544.2723228167815,2.5455920675547206,7.276702017604885,0.6990511974904164,4.023675316069744,0.6813544140682959,4,0
SU0101103,464.6647392495457,188.27138196931898,0.11347300723824583,-0.24812675181198296,16.616000010757222,1.4209097606537728,12.54596066283817,649.596381303407,285.4000924439995,87.02004845485567,1416.4623228569299,3.9679252754791574,6.477889517855813,0.3836498873082516,5.0763512181783295,0.5791612527418281,3,5
SU0101104,28.540949381690552,116.50744795012687,0.1651286960071934,0.12035962805408698,6.304111942266138,1.5222227385272045,1.7270307213005256,334.92777251793547,350.90473768713986,404.03376460561446,1559.890916379216,4.713491774179382,7.3743182273701,0.05230232462121823,4.413914904155018,0.6205758111954542,4,6
SU0101105,588.7187621958635,216.10066898375044,-0.047348056326092076,0.013897521950651132,21.89025791461759,1.1466782199817023,21.73735500679443,839.8614556341238,149.99587214670464,259.27942508036153,1398.8207381734685,2.321406252994854,6.367629613584178,0.5535696627778641,5.333236944465389,0.6510786675345851,3,7
SU0101106,823.8806937103964,269.69433204530975,-0.061216314251679345,-0.11445288472381049,36.915213786080244,1.1256698128295943,28.743367787785235,1377.392751186627,141.901725348081,151.88337860116968,1704.315785720026,2.2165360050255547,8.276973660750164,0.8207679967971496,5.827947680418244,0.593512576207313,0,6
SU0101107,609.1451814742557,138.81391447856552,0.06384957189551473,-0.13023336715943218,22.90679832543825,1.3299385824087426,20.129534271341626,411.50482647715165,234.01805899731727,142.21798272510367,1601.4499769726451,3.3629948665870386,7.634062356079032,0.5814148855122633,4.619820749032913,0.6603109359684969,4,7
SU0101108,843.5881979034314,226.05406351713805,-0.20730323244316826,0.023679615713522586,38.56781874856176,0.9264415613106379,31.81197906924771,920.6817539066426,79.10586907811593,270.0656467274006,1842.3490790492342,1.3620476946184727,9.139681744057713,0.8363128174718628,5.4251144324658895,0.4805110727646173,1,3
SU0101109,539.3473168761609,271.8790828670635,0.09257008831103782,0.29761875893821255,19.61564320943154,1.3818549792431278,24.54604163859869,1405.4525240434925,262.50768380573084,845.6268293573395,1382.740898683426,3.7008664245594374,6.267130616771412,0.4852089236148157,5.848114611080586,0.4708195371407343,3,3
SU0101110,770.3425784503313,102.26788916235017,-0.029515198322630443,-0.007877585383149182,32.774480346147776,1.1742696762636589,28.43758496112706,293.6747384317612,161.08613254931484,236.79072343760134,1665.7583157417475,2.4635810568623495,8.035989473385921,0.7727887345418104,4.282472823037079,0.5991414374420198,0,6
SU0101111,632.2716845518353,153.84199293639165,0.18225060286229147,0.4830988851272717,24.11480496228138,1.557373586183688,31.251102484692566,472.73807064485,375.7794534974518,1831.53926621455,1610.6051358276666,4.9903298487912915,7.691282098922915,0.612317661660245,4.758541473259,0.5579737766037469,4,5
SU0101112,316.38466522141107,138.56370579438504,-0.032056535092095606,-0.06415202883205591,11.951476313231101,1.1702974569548548,9.84575872252061,410.5555039748474,159.45693083231893,187.2978030618747,1497.4275464757043,2.4427999038990413,6.983922165473152,0.21452489513018666,4.617511130409708,0.692241286144583,3,0
SU0101113,774.4900451264622,169.67587342956347,-0.18124199169987906,0.16048411714828956,33.077945689676376,0.9591996991332127,31.40490370738946,547.1376248405518,87.79741279683576,477.5571417995456,1492.1513162461818,1.485661351511668,6.950945726538635,0.7768090557543169,4.9047003701190475,0.41187996595181164,3,1
SU0101114,678.2374213287464,246.66963447517526,-0.36388626074020036,-0.0989465570559484,26.708237739691825,0.7518776400379541,23.337901545185446,1113.6653935809397,42.28595327554017,162.0204689726242,1482.3273581907658,0.8081931496211133,6.889545988692286,0.6709379046347077,5.615412010540079,0.6087608729046894,3,6
SU0101115,457.1656147676492,125.91077637169414,0.10907538745204236,-0.05619868479769909,16.34139348099477,1.4126026443096817,15.453129161002483,365.29851141079405,280.4236652578212,193.60864220657209,1586.7287440877915,3.910184755160494,7.542054650548697,0.3738473611362159,4.5007148588156385,0.4610787476020328,4,2
SU0101116,306.5800565374483,229.0924952420758,0.03787798654758208,0.11069468798834485,11.69389361492656,1.2846727055640477,12.378580331817625,946.8697030488311,210.926967124965,388.0863500812498,1414.7851198525693,3.0841002299557045,6.467406999078558,0.20548921343531523,5.453161494542238,0.4863915758016204,3,3
SU0101117,794.9293997573639,81.00768034035944,0.1877191063770937,0.15846056489788599,34.61501526128525,1.568770422023427,32.16604162775114,241.34434752774877,384.089817704084,473.54756125649317,1637.614322282572,5.082129438624846,7.860089514266075,0.7958765109354081,4.086224741603318,0.4949753986391642,4,3
SU0101118,403.0257093894353,166.34637475511704,-0.1942559515247099,-0.1154032798504316,14.48901049686805,0.942699288463273,12.360945145415291,530.5777654062215,83.34396440364556,151.28311281060422,1603.1574866414473,1.4225914335084588,7.644734291509046,0.3065020506872982,4.87396653620108,0.6019479291379326,4,6
SU0101119,361.0765312237079,223.94792579450484,0.0681454958609709,0.18118635054925242,13.199382779707527,1.3375781943545673,15.672748723409512,902.9553999115009,238.07410325976932,520.5797671326226,1591.0618306988035,3.411498552147978,7.5691364418675215,0.2593067541509746,5.405673161180045,0.6346864842987503,4,7
SU0101120,635.873966367438,243.6953921303172,-0.19306757348516626,-0.014609334853309609,24.308620399098814,0.9441941833270655,23.096054222289652,1083.5061162034608,83.7410840605354,230.24127284057326,1493.7627570835953,1.4282378643451028,6.961017231772471,0.6170575533701409,5.587957465818313,0.5305000042451774,3,4
SU0101121,629.8995934570106,221.2346775422238,0.058838561560672256,-0.02123326574656054,23.988022712339152,1.321082419594656,22.753318649774403,880.6213982903085,229.3740887944504,223.97357124690882,1382.28318722478,3.3072880672460823,6.2642699201548755,0.6091847462774415,5.38062779269745,0.6377748859324988,3,7
SU0101122,612.9519069904903,113.79009920403846,-0.02905313124744356,-0.20919596132488336,23.10139780291034,1.1749933543056885,18.961530360882122,326.63119323439753,161.38413825421003,102.3450718677919,1505.6592982955908,2.4673784461706934,7.035370614347443,0.5865527861430924,4.388831684960355,0.5341296045921123,4,4
SU0101123,446.5959489360392,282.9990123372294,-0.17342311793131684,0.08476715420188025,15.962037070256455,0.969251820759814,17.391517250877307,1557.379864099452,90.58671133410373,348.3460826050885,1849.8733057490997,1.5248910124033015,9.186708160931873,0.3602067395780299,5.950760113882118,0.636181432297335,1,7
SU0101124,544.323019222402,106.28553843748371,-0.2043093264876683,-0.049386203394902635,19.83373919248806,0.9301471911384331,18.956125135400587,304.77043355832075,80.0589064266899,199.1830303511064,1390.0798825737747,1.3757085558116307,6.312999266086091,0.4921159579826751,4.319558816346004,0.49243624728334945,3,3
SU0101125,491.26357801517605,173.35393896243036,0.07278179214679444,-0.14853554633549151,17.627754458332394,1.3458723491339881,15.240213372776433,566.0326399341188,242.53042552436364,131.77578637328457,1390.840992618712,3.464630446899807,6.31775620386695,0.4191378856579632,4.938651744268588,0.5372262333742015,3,4
SU0101126,514.8126651838115,299.3675409818725,0.03483698890857862,-0.19363077743513094,18.574801843456065,1.2794743359530663,15.404424022118269,1811.3980409850114,208.37679506737132,109.2026241850059,1566.9090178538825,3.0529956727089176,7.418181361586765,0.45128374172029956,6.101854224448053,0.5936530978195184,4,6
SU0101127,527.4769549159471,101.12921616340192,0.2637082042970194,-0.12838606962975085,19.104975312596874,1.7360474330713913,16.984335975124317,290.6041393993182,520.5223450933789,143.31686860294104,1605.7235530265493,6.547133679305587,7.660772206415934,0.4687587443952034,4.271961995354479,0.5660040423251149,4,5
SU0101128,658.1458988253586,290.94576507087646,0.08424583082115526,-0.06703970724522396,25.5420016228835,1.3666025569979983,23.088345389121326,1675.9153196555487,253.91087593126701,185.05774036778456,1676.9587640204738,3.5995881497506494,8.10599227512796,0.6458417251689198,6.024114754500398,0.4995120439964705,0,3
SU0101129,579.4404420511482,95.94956547897364,-0.15499218410051285,0.006166400452342364,21.443535068944545,0.993365858264697,21.247679420639248,277.03665755925874,97.5174429055251,251.06034667092467,1558.8938733729397,1.6215125497554632,7.368086708580872,0.5407985923533677,4.224149835190526,0.41380875018471763,4,1
SU0101130,639.5117262401195,126.73711652111066,0.19195320235067498,-0.04223573145894099,24.505925542871914,1.5776519011613204,22.777082718355633,368.09557312941024,390.65030898862534,205.20670446366458,1320.2204368720022,5.1543654089030735,5.876377730450014,0.6218216411708014,4.508342614041021,0.5560643646367402,2,5
SU0101131,385.0776998058294,262.4814341931532,7.953112996495755e-05,-0.018201194771194452,13.922496701576685,1.2215322844162932,13.283001746262347,1288.6714524738986,181.32991819370088,226.82111982811344,1594.6881630289613,2.719002550739188,7.591801018931008,0.2857256594818322,5.7613670848598755,0.4696042048639766,4,2
SU0101132,317.95234204086745,206.5428526637064,-0.16495060620132135,-0.1320012184499348,11.99318459310738,0.980263229747103,8.775904105201487,768.9384656666092,93.70931292632606,141.1742471956896,1633.880964995342,1.5685704230696618,7.8367560312208875,0.21599609788893637,5.245010947664982,0.5920051287987153,4,6
SU0101133,324.31068235847596,139.75615720881314,-0.135559733391948,0.21315831576486963,12.163846895173569,1.019440236396796,14.77583179891078,415.0995513502853,105.39983455637916,594.7610028799637,1644.9616684112973,1.7300221675266954,7.9060104275706085,0.2220379307237166,4.628518374235198,0.5163324123195782,4,4
SU0101134,653.7150440818286,91.8478979144961,-0.10089692267842393,0.012583591913026347,25.2917403926361,1.0676615288569014,24.243089357288223,266.743704310054,121.0752567999855,257.86382434699004,1572.356919863346,1.9419195145770352,7.4522307491459125,0.6401913351802295,4.186288288441503,0.5422032699589245,4,4
SU0101135,594.6424319285607,185.0918698969532,-0.024536610303347608,-0.03553747106290724,22.18031989032853,1.1820905453908186,21.143803390617798,630.8082136264658,164.3262134849507,211.01457436373374,1431.7976203715546,2.50480603146242,6.573735127322216,0.5616874979301832,5.047001875971875,0.5685550006902871,3,5
SU0101136,623.9468060559021,192.8933458757242,-0.17678955750015893,-0.11987134213718251,23.672788777955315,0.9649109998798449,20.877853422109816,677.9106539291927,89.37506872807799,148.4927409309962,1563.8210889516909,1.5078751509323531,7.398881805948068,0.6012834257056262,5.1190155003913,0.6677338640536703,4,7
SU0101137,577.4347830805759,153.24155318899537,0.03365106831641633,-0.13641857070161142,21.348173477793555,1.2774527946830148,18.793265385884432,470.1251578319446,207.3906625375272,138.59961219600768,1709.4309050458342,3.0409507940566542,8.308943156536463,0.5380302721111979,4.752998952513804,0.5649275315606423,0,5
SU0101138,429.4977016221013,169.15829470396312,-0.07905543480954236,0.15740039721802004,15.366919502372449,1.099211114178769,17.93713946115983,544.5298274222865,132.12893957323212,471.4603420748177,1467.6415856884705,2.0885747258056573,6.797759910552941,0.3386183904920726,4.899922720344275,0.5624292596892475,3,5
SU0101139,653.2707621972326,131.85017075530476,0.02905641992027356,0.03293226832730518,25.266782354920434,1.2696507888207977,24.564956335347464,385.8852470154042,203.61392569918112,280.6807169454933,1251.3473886367005,2.9947319639875865,5.445921178979379,0.6396225901798808,4.555540037741275,0.5702157191022088,2,5
SU0101140,541.7628283102349,188.4478089875398,0.005344457023584987,0.031100384754009842,19.721219223696362,1.230137488859608,20.19800529129819,650.6551479936368,185.18916720622522,278.5464791525405,1713.9749161081852,2.7671415521079332,8.337343225676157,0.48856147987510146,5.077979775269598,0.4556394070331913,0,2
SU0101141,488.41257960992436,223.33021088258437,0.07213888015918665,0.055128666401050096,17.516425939310405,1.344719140189777,18.523744758181227,897.8214137099861,241.90752393773113,307.8777463281648,1940.572354507734,3.4572135555957946,9.753577215673337,0.4152867439628495,5.399971177377702,0.5991308419293365,1,6
SU0101142,753.5688033259045,160.04031617458696,-0.1489368560845923,-0.03771809150803607,31.575298393541694,1.0014185303843113,27.287929715317905,500.5746631180351,99.90828105491522,209.10599685414252,1613.9136274149446,1.6545743957221184,7.711960171343404,0.7560119245459447,4.815756764688495,0.5825462283863341,4,5
SU0101143,622.5852467077983,166.0676148581867,-0.0560703928219463,-0.021582869315193338,23.601270568709495,1.1334198476897726,22.463045105605605,529.2142545543219,144.85285422448993,223.64755059291087,1615.916072026434,2.254884361240793,7.724475450165213,0.5994685855735891,4.871393367921724,0.6172581942536335,4,6
SU0101144,368.876503059179,229.5522663630442,-0.09760818461343444,0.0562705982209264,13.430165587499962,1.0723534872341676,13.894151755983513,950.8967965311962,122.67851831673764,309.34613436908336,1469.2854812060018,1.9633248431650514,6.8080342575375115,0.267716009812087,5.45740553565887,0.6752630839391188,3,0
SU0101145,474.7465667833938,191.6097696581609,0.09098897363391414,-0.10487506201474585,16.992467343316168,1.3789448861956763,15.325559896886215,669.9258968400165,260.8527037418058,158.06724992984857,1488.3428711316888,3.6814127529926015,6.927142944573055,0.39697756618186236,5.10716710453687,0.528673209230149,3,4
SU0101146,457.5135729869248,151.41800490358943,0.16680218972051916,-0.07182608817123999,16.354034194578777,1.5256231043545556,15.206204146637523,462.27788784880704,353.2615646466824,181.40364525852326,1590.625261227457,4.739858576442906,7.566407882671606,0.37429998236195755,4.736166199110056,0.5751676001624916,4,5
SU0101147,298.54357916046837,213.74601349771868,-0.21202698146365415,0.0753710193798192,11.486908018522042,0.9206248617347511,11.477322845904089,821.8037857179875,77.62519669359557,334.97165425556057,1418.8493370990643,1.3407690873749882,6.492808356869152,0.19829575880273093,5.311501663055865,0.5506693802605163,3,5
SU0101148,317.029609067259,187.95485103431304,0.13904256269559293,-0.0968358513627145,11.968617551775125,1.4701877057042545,9.326109496570387,647.7011451177842,316.1352887059988,163.45165948660306,1402.8532662169582,4.32094966943858,6.3928329138559885,0.21512926597745596,5.07342939416289,0.5863696818853992,3,5
SU0101149,636.331298256449,21.778345603447065,0.30231095456741597,0.06342641802579975,24.333337639810413,1.8277419041185958,24.414435232625237,139.69932311210948,607.4341767221573,318.70845214790023,1611.5069859924738,7.446195135715549,7.696918662452962,0.6176577434068979,3.539492420954896,0.5385167642670387,4,4
SU0101150,216.03636846059595,223.8569339812656,-0.08477820423463293,0.06527180330200077,9.56258986331265,1.0908556566150793,8.100388828500966,902.1973040281988,129.1387209861006,321.16848059072663,1464.9918287579635,2.0491108879707647,6.781198929737271,0.13524555819798728,5.404833236750144,0.5690431503293102,3,5
SU0101151,410.500651346336,236.18528127413055,-0.1782568559186508,0.2694683310407028,14.731697243620518,0.9630250954256385,19.066164180813665,1010.9374681332683,88.85204550378826,752.036389197662,1858.071781597922,1.500518147716248,9.237948634987012,0.31539928101147946,5.518633365607359,0.6806159668373208,1,0
SU0101152,779.5862174394118,174.50435671481333,0.17498200586208124,-0.01154117979313532,33.45467689568017,1.5423532602432168,28.735999903869317,572.0755053679762,365.01119467269797,233.2035671444038,1251.437193240751,4.870873833231636,5.446482457754693,0.7816792171194273,4.949270985059815,0.6702561131224551,2,0
SU0101153,753.188403326051,177.9629580023967,-0.18377763859967253,-0.07034408118947685,31.54861801980338,0.955962252573311,26.729369887299587,590.6339995154397,86.91142056876488,182.52728372480723,1208.6167064179986,1.473157227357433,5.1788544151124905,0.7556218926519507,4.981196535406739,0.6256064682094382,2,6
SU0101154,261.40438596444756,198.64400655953398,-0.12655400216695323,-0.1712044133999372,10.576942682423576,1.0317550976762955,5.923430341951785,714.8684373721975,109.26585959223672,119.89882684020789,1538.1368149245716,1.7827432437181145,7.238355093278572,0.16751964906438022,5.172098522088006,0.5232960491750376,4,4
SU0101155,700.8740389765662,97.60565753263405,-0.11359719682107333,-0.28651706501890695,28.086123877063304,1.049734285699262,21.09203932099579,281.304254207166,115.0781212229804,74.15658682724124,1150.5045308275323,1.8614256586332618,4.815653317672077,0.698083683656433,4.239436838762776,0.6938553927982811,1,0
SU0101156,925.0476839379405,186.02720333955693,-0.12357431488597674,-0.035813871058812834,46.22123375738786,1.0358623278370496,33.988289857717476,636.2780944105617,110.5759638534916,210.77169580027368,1639.7718723978182,1.8005381943034875,7.873574202486364,0.8892987642477056,5.055635723134372,0.5088488784142363,4,3
SU0101157,592.774096067504,179.17085671871877,-0.08532190051242869,-0.06314312951902454,22.08842127052397,1.0900651509661987,20.611051577308082,597.2563210320087,128.8581771902318,188.08681290239522,1546.9313394696812,2.045400604556504,7.293320871685508,0.559130470869564,4.9923463697112505,0.4718489490890047,4,3
SU0101158,631.3112822122329,149.34736762280318,0.019105095697234533,0.16607550794022705,24.063393365804806,1.2529157824550627,25.930030551701734,453.52601108209984,195.66820297476275,488.81362560081334,1473.0892727636876,2.8970229835475747,6.831807954773048,0.611050322608523,4.717052624210491,0.6235843472153595,3,6
SU0101159,227.43408594091085,149.42640411336134,0.0041532931614109226,0.2307996815047751,9.807886997314213,1.2281853124150035,11.302431367226118,453.8570096961305,184.30890337389664,640.126196919976,1186.4076666784176,2.7561762721944305,5.040047916740109,0.14282367020852338,4.717782191815643,0.5423032110485779,2,4
SU0101160,812.2039931649274,128.9736736576533,-0.031925821563850536,0.03980867820666474,35.96965046894151,1.1705014396761324,30.86029992652492,375.7739466367326,159.54032534412974,288.83901533017115,1529.5213685956448,2.443864492456528,7.184508553722781,0.8110257206917544,4.528987756839877,0.6752616380363532,4,0
SU0101161,630.7252858131817,266.30523820842427,-0.054001253596486706,-0.08886304935003558,24.032078066818766,1.1365511029935131,21.658265848012032,1334.9695175910442,146.05671214199637,168.97272212901424,1463.8842891168583,2.2704903499168307,6.774276806980365,0.6102763074075526,5.796663737308531,0.45727175253059194,3,2
SU0101162,637.0321053178171,154.91792267090904,-0.1007683349966213,0.0598390091545202,24.371262663049055,1.06784459537778,24.381898692712667,477.4565363116746,121.13754796474744,313.9799733739725,1317.0054755241138,1.9427520494159196,5.856284222025711,0.6185767670974338,4.768473132346853,0.6116401771084636,2,6
SU0101163,463.89927007155507,255.34126886612196,-0.058910636734435085,0.07582915998695089,16.587759512557362,1.129135713037763,17.91545761367632,1206.4746413152563,143.21649738053307,335.6116987788925,1528.729979803665,2.2336370273626227,7.179562373772906,0.3826448035113135,5.69545786645651,0.609512149897159,4,6
SU0101164,569.7904405865729,71.87916819768915,0.15131903088631982,-0.010521950694948871,20.98858580496906,1.4944506899452648,20.59426240011758,221.8411427643475,332.0468666444028,234.19603915115385,1626.32257237677,4.501437407323779,7.789516077354813,0.527459067444148,4.001961552594054,0.6052197181495086,4,6
SU0101165,410.8066334179585,120.5382986636057,0.0983032652173506,-0.03638988352926165,14.741717617164328,1.3924586816156832,13.98042657409958,347.62445921435426,268.5972540572154,210.26643934202284,1649.8286847146396,3.772272295243641,7.936429279466497,0.3157664430099332,4.451122756894822,0.5357439245709582,4,4
SU0101166,734.213759940692,207.5147914735916,0.04319624905712227,-0.044881343848832925,30.245998991319105,1.2938147159137827,26.415846044657467,775.8682233756869,215.46209401473152,202.95705412574938,1537.1884182498427,3.1392612353021114,7.232427614061517,0.7356362504154442,5.253982690525461,0.6454282171962168,4,7
SU0101167,540.2412174406024,214.5263388394506,0.006954011437455908,0.014952485129450624,19.654647346487703,1.2327802879644212,19.869699874847605,827.7446111853844,186.38530172762412,260.4216430137466,1775.7457211101278,2.7820276660804244,8.723410756938298,0.4864494542828551,5.318704666210313,0.6461384024831641,0,7
SU0101168,564.2926867352293,193.93951571584222,-0.10528057553264533,-0.02075658555179438,20.733723434696063,1.061439387032647,20.20988361384012,684.4889166883991,118.97075396060474,224.41886233504843,1549.5036460077783,1.9137501535492762,7.309397787548615,0.5198405304052826,5.12867245276162,0.6180490871655303,4,6
SU0101169,684.8597614439655,107.89816136620682,0.14654740960179471,-0.010652841525306347,27.104190820819912,1.4849729344600298,25.066998919621327,309.34110460787616,325.7693574226512,234.06834849905547,1342.081383091594,4.430406609739759,6.013008644322462,0.6790089128192953,4.334444566457294,0.6569107789945537,3,7
SU0101170,813.3902194128316,197.14355385214293,0.10631904028578523,0.09209390504933183,36.06459364854094,1.40742067461963,31.777851394654537,705.0355234423955,277.3488669282448,359.1444245453095,1723.32354444996,3.8744232032533965,8.39577215281225,0.8120336765578728,5.1582481894043966,0.6082454820345381,0,6
SU0101171,311.0161100610576,310.6375036831233,0.15984853342200642,-0.061142904632731754,11.809740877451448,1.5115435963072374,9.687133647384488,2009.9892431711903,343.5711194271909,189.6609296981568,1335.2599884228143,4.631257570607571,5.97037492764259,0.20954200832699224,6.205884649382677,0.5903850744323268,2,6
SU0101172,499.91319309383573,201.44969800993235,0.11151102619173951,-0.06797302655961544,17.96986134145424,1.4171975542642117,16.919295955433356,733.6244230194804,283.1690600929342,184.33947968930204,1321.422721170506,3.94205996579981,5.883892007315662,0.4308804023534676,5.197997212399375,0.5808654774297582,2,5
SU0101173,453.99018605014476,189.49622607260588,-0.2014989655443397,-0.030261926936956507,16.22648620179071,0.9336391285722923,15.76191956411191,656.9825588228292,80.96396165459662,215.70433224158995,1614.3923025663994,1.388656567414254,7.714951891039997,0.3697270717999582,5.087657471439439,0.5984746006117438,4,6
SU0101174,408.09556524281163,104.06281599432664,0.0023645534627688195,0.06732393564232907,14.653171719437054,1.2252595975958527,15.603559797925938,298.58103750272716,182.99488723618978,323.92642235612317,1564.8280224308082,2.7397915609926673,7.405175140192551,0.31252135360887556,4.299041378409169,0.5090272124510953,4,3
SU0101175,603.6083996475886,277.6531056329396,0.030771703096354134,-0.1959777522982344,22.62668081505167,1.2725578593698799,18.818475225768985,1482.393489008787,205.0157514207454,108.1399295075399,1532.5120540961027,3.011903719094082,7.203200338100642,0.5739105977583419,5.9014132827655965,0.7135165576970088,4,1
SU0101176,318.2696536391928,181.93210301888644,-0.03395031495482016,0.011505955113007681,12.001644412249332,1.167346136946708,11.18003022674096,612.6751110175602,158.25358901720347,256.7085718080174,1531.0803445046035,2.427428055550821,7.194252153153772,0.2162947701876068,5.0178347970974135,0.641197758885034,4,7
SU0101177,565.2609915521459,263.0218712187831,-0.017648348817972375,-0.04201641287695597,20.77838605699765,1.1929972860795077,19.893209456856408,1295.1162446676935,168.91685383726642,205.39431368615524,1392.9307227138231,2.562983912675714,6.330817016961394,0.5211831340598024,5.766355734327228,0.40463303767038783,3,1
SU0101178,599.6406541466512,313.5100187506698,0.06873532159287918,0.08240968249940155,22.428053524685694,1.3386305254782733,23.303964591804238,2063.998031939069,238.63645530714751,344.941099745527,1433.9149879976871,3.4182124488016963,6.586968674985545,0.5685116788820489,6.232400173083105,0.5304533286981064,3,4
SU0101179,727.2354678999872,310.56508661883834,0.22319219036952295,0.09662935556736264,29.780582743047784,1.6447519575421439,28.50297967778888,2008.6460842696124,442.6452952845228,365.9959672375457,1505.6240927024814,5.720029529614567,7.035150579390509,0.7280282176368723,6.205216184173892,0.5667775131413859,4,5
SU0101180,414.3686825029142,85.8691111153273,-0.16901975366399113,0.0059760041426325,14.858871172352204,0.9749591838758543,14.825048833046095,252.42129249162824,92.19639088149351,250.86125497154043,1453.2812381717317,1.5474382490855119,6.708007738573323,0.3200575542291569,4.131099487218406,0.4324446636224253,3,2
SU0101181,543.2817917710476,159.30202890971358,-0.17592732829261204,-0.04442148127440846,19.78790017008158,0.9660209370334585,18.998378325411707,497.17486502937,89.68384807788343,203.34631173962262,1448.647519885385,1.5122151647441628,6.679046999283655,0.49067023826918144,4.808941805320433,0.5006690288060427,3,3
SU0101182,716.8006296596691,56.31139846393472,-0.29786984860664567,0.0003942941338910206,29.09795992094228,0.8210594190592434,26.493262722329764,192.14668462122907,55.06534690819801,245.09426514142973,1515.3803503027689,1.0071257729982344,7.0961271893923055,0.7163992460819205,3.858259062744013,0.5823372108815179,4,5
SU0101183,452.98476850976306,120.33495266899844,-0.001097419904242118,-0.05298937624175954,16.190272463783515,1.2196168761232666,15.34402917135035,346.9725662227292,180.47825875059567,196.21498734760632,1748.171424744911,2.7083563382982976,8.551071404655694,0.3684264026923677,4.449245716944601,0.5240618200059847,0,4
SU0101184,540.426672690926,340.90217907386625,-0.02921403400960303,0.06673882382389087,19.66274914371543,1.1747413017756518,20.740017668378638,2657.7917392019563,161.28030305807883,323.1376626563265,1603.4095093418164,2.4660554409701216,7.646309433386353,0.4867068454079724,6.4852508837587655,0.6085121314974572,4,6
SU0101185,602.1077077740255,192.59965163668312,0.01505014347556742,-0.06911926826805279,22.5513494372415,1.2461600435298772,20.87442305341122,676.075311002627,192.5201019330834,183.46117209328645,1552.083008454283,2.8581287998464893,7.325518802839269,0.5718706023837288,5.116304476646306,0.7122916669939674,4,1
SU0101186,767.9227436134404,199.7546714446014,0.12837446971589853,-0.10430110904767827,32.598711517399686,1.4494235992187863,26.736421545283598,722.2351752402964,302.9288255870407,158.4457154903455,1458.318055328045,4.169995259723023,6.739487845800281,0.7704195827410569,5.182350813334782,0.6258279875347245,3,6
SU0101187,817.6900948224745,129.89369881380043,-0.07253824641347358,0.26176509526542435,36.41085255726534,1.108804422637098,34.77292194196441,378.97881133158864,135.61866511117097,728.2816803649348,1515.4017999630355,2.134443261629951,7.096261249768973,0.8156527030609759,4.537480296742773,0.6958689578160303,4,0
SU0101188,587.2343171096427,196.0017183511533,-0.04582363314898462,0.11310661698122744,21.81816602982454,1.149011287373452,23.333111503951002,697.6434596017059,150.91329512165842,392.00616658664643,1717.24440804864,2.333232292347744,8.357777550304,0.5515307105202865,5.147708169395261,0.4671998215887307,0,2
SU0101189,486.5589006003214,239.48010408432432,-0.019432295667649185,-0.05920625622398522,17.444419169202604,1.1901629998928502,16.546075197390522,1042.1561994945505,167.71578944675502,191.19756510570124,1661.5267446191042,2.547788380566215,8.009542153869402,0.412788294959914,5.549047114624532,0.6382762563770009,0,7
SU0101190,469.064423679015,193.80382431921646,-0.18127121938563495,-0.10745770925744388,16.779252680615095,0.9591623196117175,15.061543544337633,683.6321064048323,87.78714893605964,156.37540281838662,1519.8664371413408,1.4855166170851308,7.12416523213338,0.3894458655692444,5.127419916792768,0.5525125430063875,4,5
SU0101191,375.96230348848576,133.4616948928376,-0.1597566554933339,0.05460718282958527,13.643313707024214,0.9870753756833119,14.14198707171198,391.66843201199305,95.67656398473092,307.2095009775632,1185.177728529296,1.5959637967380058,5.0323608033081,0.27550360108092686,4.570415645164655,0.46907382163518435,2,2
SU0101192,214.67052139018222,207.23633925076874,-0.2704100325082052,0.0038075038242648324,9.533609343624835,0.8516780407522292,7.0228675622448336,773.8765481194426,61.45835985514225,248.6048279064015,1762.3238425195877,1.1036614298642495,8.639524015747423,0.13436055887764978,5.251412362314788,0.6838747185016723,0,0
SU0101193,224.9366375478122,199.39662410601213,-0.1483456944570682,-0.14317632428523097,9.753605117699564,1.0022081751595617,4.972374944327736,719.8520904519056,100.14480836456718,134.75145158275768,1481.8448072975882,1.65783801318386,6.886530045609926,0.14113346078796854,5.179045760978574,0.6482632925546501,3,7
SU0101194,657.9385973596645,133.51583964861277,0.10575509961150037,-0.2692449998258015,25.530237900747615,1.4063628033682267,19.710195455779147,391.8642359384464,276.7239388098968,79.69013759681773,1379.5286722506814,3.86714689496071,6.24705420156676,0.6455782581461724,4.570915442910271,0.48408867642389997,3,3
SU0101195,564.0977245130076,166.81618236210002,-0.021220664042982732,-0.020966343612736634,20.72474250744767,1.1873284475577432,20.198805781960242,532.8837108288843,166.52031996870292,224.2228077500806,1503.5851585582539,2.5326456129310384,7.022407240989087,0.5195701701254606,4.878303221804,0.593210477356658,4,6
SU0101196,576.8795846984289,161.51713192070372,0.06026224197071732,0.09913482523833166,21.3218508939133,1.3235925334553242,22.69756427002221,507.44529400280163,230.68403673593303,369.83677950145096,1411.0358574843792,3.323020438273823,6.443974109277371,0.5372635349391668,4.829388910037265,0.545247781546186,3,4
SU0101197,759.1431813483855,108.32055597762182,0.27070532943839154,-0.16069859696874905,31.96887026879715,1.7523196758442254,25.455035991846955,310.54958840794677,535.2967776933181,125.26387504479476,1444.7416622072421,6.701632129360263,6.654635388795263,0.7616789746578689,4.338343593639586,0.47398480024991907,3,3
SU0101198,943.8268594364879,147.28224812493514,-0.07512617347927991,-0.0444898487927903,48.19092853846816,1.1049850093673417,34.5739914982058,444.9624883149637,134.22202154999474,203.2883938114591,1515.296449263032,2.116109839627903,7.09560280789395,0.8991601001939917,4.697989982691709,0.5237246576876392,4,4
SU0101199,526.0803751679681,310.60135305345705,0.008573975400274091,0.0021367945783973765,19.045774732466167,1.2354459119253427,19.105405610616494,72.41938615969272,187.59697310385468,246.88022765518213,1666.171007585983,2.797090914553237,8.038568797412394,0.46682710089988405,2.8824740281857575,0.6547248758623522,0,7
